[
	{
		"Bibliography (BIB) ID": "BIB:Atlas_1985",
		"Author": "Allan Atlas",
		"Name of Volume/Journal": "Music at the Aragonese Court of Naples",
		"Location": "Cambridge",
		"Publisher": "Cambridge University Press",
		"Publication Year": "1985",
		"Input data": "SMB",
		"Date entered": "2024-8-9"
	},
	{
		"Bibliography (BIB) ID": "BIB:Atlas_1989",
		"Author": "Allan Atlas",
		"Name of Article": "Agricola, Ghiselin, and Alfonso II of Naples",
		"Name of Volume/Journal": "Journal of Musicology",
		"Volume": "7",
		"Publication Year": "1989",
		"Pages": "540–48",
		"Input data": "SMB",
		"Date entered": "2024-6-29"
	},
	{
		"Bibliography (BIB) ID": "BIB:Baumgartner_1994",
		"Author": "Frederic J. Baumgartner",
		"Name of Volume/Journal": "Louis XII",
		"Location": "New York",
		"Publisher": "St. Martin's",
		"Publication Year": "1994",
		"Input data": "BSO",
		"Date entered": "2023-4-27"
	},
	{
		"Bibliography (BIB) ID": "BIB:Benfield_1984",
		"Author": "Judith Benfield",
		"Name of Article": "Music in Verona, c.1480–1530",
		"Publisher": "Ph.D. diss., University of Cambridge",
		"Publication Year": "1984",
		"Input data": "BSO",
		"Date entered": "2023-3-21"
	},
	{
		"Bibliography (BIB) ID": "BIB:Blackburn_2016",
		"Author": "Lupus Hellinck",
		"Name of Volume/Journal": "Three Four-Part Masses",
		"Editor": "Bonnie J. Blackburn",
		"Location": "Middelburg",
		"Publisher": "Koninklijk Zeuuwsch Genootschap der Wetenschappen",
		"Publication Year": "2016",
		"Input data": "BSO",
		"Date entered": "2024-3-18"
	},
	{
		"Bibliography (BIB) ID": "BIB:Boorman_2006",
		"Author": "Stanley Boorman",
		"Name of Volume/Journal": "Ottaviano Petrucci",
		"Location": "Oxford",
		"Publisher": "Oxford University Press",
		"Publication Year": "2006",
		"Input data": "BSO",
		"Date entered": "2023-3-21"
	},
	{
		"Bibliography (BIB) ID": "BIB:Bouquet_1968",
		"Author": "Marie-Therese Bouquet",
		"Name of Article": "La Capella Musicale dei Duchi di Savoia dal 1450 al 1500",
		"Name of Volume/Journal": "Rivista Italiana di Musicologia",
		"Volume": "3",
		"Publication Year": "1968",
		"Pages": "233–85",
		"Input data": "SMB",
		"Date entered": "2024-6-8"
	},
	{
		"Bibliography (BIB) ID": "BIB:Bowers_2001",
		"Author": "Roger Bowers",
		"Name of Article": "London",
		"Name of Volume/Journal": "Grove Music Online",
		"Publisher": "Oxford University Press",
		"Publication Year": "2001",
		"Input data": "SMB",
		"Date entered": "2024-8-9"
	},
	{
		"Bibliography (BIB) ID": "BIB:Bragard_1957",
		"Author": "Anne-Marie Bragard",
		"Name of Article": "Verdelot en Italie",
		"Name of Volume/Journal": "Revue belge de Musicologie",
		"Volume": "11",
		"Publication Year": "1957",
		"Pages": "109–24",
		"Input data": "BSO",
		"Date entered": "2024-3-17"
	},
	{
		"Bibliography (BIB) ID": "BIB:Brenet_1910",
		"Author": "Michel Brenet",
		"Name of Volume/Journal": "Les Musiciens de la Sainte-Chapelle du Palais",
		"Location": "Paris",
		"Publisher": "Librarie Alphonse Picard et Fils",
		"Publication Year": "1910",
		"Input data": "SMB",
		"Date entered": "2025-1-30"
	},
	{
		"Bibliography (BIB) ID": "BIB:Burn_2003",
		"Author": "David Burn",
		"Name of Article": "What Did Isaac Write for Constance?",
		"Name of Volume/Journal": "Journal of Musicology",
		"Volume": "20",
		"Publication Year": "2003",
		"Pages": "45–72",
		"Input data": "SMB",
		"Date entered": "2024-9-1"
	},
	{
		"Bibliography (BIB) ID": "BIB:Catalano_1931",
		"Author": "Michele Catalano",
		"Name of Volume/Journal": "Vita di Ludovico Ariosto: Ricostruita su novi documenti",
		"Volume": "2 vols.",
		"Location": "Geneva",
		"Publisher": "Leo S. Olschki",
		"Publication Year": "1931",
		"Input data": "BSO",
		"Date entered": "2023-4-27"
	},
	{
		"Bibliography (BIB) ID": "BIB:Cattin_1991",
		"Author": "Giulio Cattin",
		"Name of Volume/Journal": "Ruffino Bartolucci d'Assisi: Opere Sacre e Profane",
		"Location": "Padua",
		"Publisher": "Centro Studi Antoniani",
		"Publication Year": "199",
		"Input data": "SMB",
		"Date entered": "2024-10-23"
	},
	{
		"Bibliography (BIB) ID": "BIB:DAccone_1961",
		"Author": "Frank D'Accone",
		"Name of Article": "The Singers of San Giovanni in Florence during the 15th Century",
		"Name of Volume/Journal": "Journal of the American Musicological Society",
		"Volume": "14",
		"Publication Year": "1961",
		"Pages": "307–58",
		"Input data": "SMB",
		"Date entered": "2024-7-25"
	},
	{
		"Bibliography (BIB) ID": "BIB:DAccone_1963",
		"Author": "Frank D'Accone",
		"Name of Article": "Heinrich Isaac in Florence: New and Unpublished Documents",
		"Name of Volume/Journal": "Music Quarterly",
		"Volume": "49",
		"Publication Year": "1963",
		"Pages": "464–83",
		"Input data": "SMB",
		"Date entered": "2024-6-23"
	},
	{
		"Bibliography (BIB) ID": "BIB:DAccone_1971",
		"Author": "Frank D'Accone",
		"Name of Article": "The Musical Chapels at the Florentine Cathedral and Baptistry during the First Half of the 16th Century",
		"Name of Volume/Journal": "Journal of the American Musicological Society",
		"Volume": "24",
		"Publication Year": "1971",
		"Pages": "1-50"
	},
	{
		"Bibliography (BIB) ID": "BIB:Dean_2001a",
		"Author": "Jeffrey Dean",
		"Name of Article": "Hylaire",
		"Name of Volume/Journal": "Grove Music Online",
		"Publication Year": "2001",
		"URL": "https://www.oxfordmusiconline.com/",
		"Input data": "BSO",
		"Date entered": "2023-3-21"
	},
	{
		"Bibliography (BIB) ID": "BIB:Dean_2001b",
		"Author": "Jeffrey Dean",
		"Name of Article": "Longueval, Antoine de",
		"Name of Volume/Journal": "Grove Music Online",
		"Publication Year": "2001",
		"URL": "https://www.oxfordmusiconline.com/",
		"Input data": "BSO",
		"Date entered": "2023-3-21"
	},
	{
		"Bibliography (BIB) ID": "BIB:Doorslaer_1934",
		"Author": "Georges Doorslaer",
		"Name of Article": "La Chapelle musicale de philippe le Beau",
		"Name of Volume/Journal": "Revue belge d'archeologie et d'histoire de l'art",
		"Volume": "4",
		"Publication Year": "1934",
		"Pages": "21–57, 139–65",
		"Input data": "SMB",
		"Date entered": "2024-7-26"
	},
	{
		"Bibliography (BIB) ID": "BIB:Dumitrescu_2012",
		"Author": "Theodor Dumitrescu",
		"Name of Article": "Who Was 'Prioris'? A Royal Composer Recovered",
		"Name of Volume/Journal": "Journal of the American Musicological Society",
		"Volume": "65",
		"Publication Year": "2012",
		"Pages": "5–65",
		"Input data": "LO",
		"Date entered": "2024-1-25"
	},
	{
		"Bibliography (BIB) ID": "BIB:Eakins_2016",
		"Author": "Guillaume Faugues",
		"Name of Volume/Journal": "The Complete Extant Transmissions of the Masses",
		"Editor": "Rex Eakins",
		"Volume": "4",
		"Series": "Collected Works 29",
		"Location": "Lions Bay",
		"Publisher": "Institute of Mediaeval Music",
		"Publication Year": "2016",
		"Input data": "AN",
		"Date entered": "2024-10-21"
	},
	{
		"Bibliography (BIB) ID": "BIB:Fallows_2009",
		"Author": "David Fallows",
		"Name of Volume/Journal": "Josquin",
		"Location": "Turnhout",
		"Publisher": "Brepols",
		"Publication Year": "2009",
		"Input data": "BSO",
		"Date entered": "2023-3-21"
	},
	{
		"Bibliography (BIB) ID": "BIB:Ferer_2014",
		"Author": "Mary Ferer",
		"Name of Article": "Gombert, Thiebault, Crecquillon, Canis, Payen and the chapel of Charles V",
		"Name of Volume/Journal": "Early Music",
		"Volume": "42",
		"Location": "Oxford",
		"Publisher": "Oxford University Press",
		"Publication Year": "2014",
		"Pages": "191–206",
		"URL": "https://doi.org/10.1093/em/cau027",
		"Input data": "AN",
		"Date entered": "2024-10-28"
	},
	{
		"Bibliography (BIB) ID": "BIB:Filocamo_2010",
		"Name of Volume/Journal": "Florence, BNC, Panciatichi 27: Text and Context",
		"Editor": "Gioia Filocamo",
		"Volume": "Section II, volume 1",
		"Series": "Monumenta Musica Europea",
		"Location": "Turnhout",
		"Publisher": "Brepols",
		"Publication Year": "2010",
		"Input data": "BSO",
		"Date entered": "2023-4-13"
	},
	{
		"Bibliography (BIB) ID": "BIB:Frey_1955",
		"Author": "Herman-Walther Frey",
		"Name of Article": "Regesten zur päpstlichen Kapelle unter Leo X und zu seiner Privatkapelle",
		"Name of Volume/Journal": "Die Musikforschung",
		"Volume": "9 no. 1&2",
		"Publication Year": "1956",
		"Pages": "58-73, 139-156",
		"Input data": "SMB",
		"Date entered": "2025-3-20"
	},
	{
		"Bibliography (BIB) ID": "BIB:Gallagher_2010",
		"Author": "Sean Gallagher",
		"Name of Volume/Journal": "Johannes Regis",
		"Series": "Epitome musical",
		"Location": "Turnhout",
		"Publisher": "Brepols",
		"Publication Year": "2010",
		"Input data": "SMB",
		"Date entered": "2024-8-17"
	},
	{
		"Bibliography (BIB) ID": "BIB:Ghisi_1937",
		"Author": "Federico Ghisi",
		"Name of Article": "I Canti carnascialeschi nelle fonti musicali del XV e XVI secolo",
		"Location": "Florence",
		"Publisher": "Olschki",
		"Publication Year": "1937",
		"Input data": "SMB",
		"Date entered": "2024-9-1"
	},
	{
		"Bibliography (BIB) ID": "BIB:Gottwald_1961",
		"Author": "Clytus Gottwald",
		"Name of Article": "Johannes Ghselin: Janne Verbonnet: Some Traces of his Life",
		"Name of Volume/Journal": "Musica Disciplina",
		"Volume": "15",
		"Publication Year": "1961",
		"Pages": "105–11",
		"Input data": "SMB",
		"Date entered": "2024-8-9"
	},
	{
		"Bibliography (BIB) ID": "BIB:Gottwald_1962",
		"Author": "Clytus Gottwald",
		"Name of Article": "Johannes Ghiselin-Johannes Verbonnet: Stilkritische Untersuchung zum Problem ihrer Identitaet",
		"Location": "Wiesbaden",
		"Publisher": "Breitkopf & Härtel",
		"Publication Year": "1962",
		"Input data": "SMB",
		"Date entered": "2024-7-19"
	},
	{
		"Bibliography (BIB) ID": "BIB:Heidrich_1992",
		"Author": "Jürgen Heidrich",
		"Name of Article": "Heinrich Isaac in Torgau?",
		"Name of Volume/Journal": "Heinrich Isaac und Paul Hofhaimer im Umfeld von Kaiser Maximilian I",
		"Editor": "Walter Salmen",
		"Location": "Innsbruck",
		"Publisher": "Edition Helbling",
		"Publication Year": "1992",
		"Pages": "155–68",
		"Input data": "SMB",
		"Date entered": "2024-6-23"
	},
	{
		"Bibliography (BIB) ID": "BIB:Hemeraeus_1633",
		"Author": "Claude Hémeré [Hemeraeus]",
		"Name of Volume/Journal": "Tabella chronologica",
		"Location": "Paris",
		"Publication Year": "1633",
		"Input data": "FEM",
		"Date entered": "2024-7-16"
	},
	{
		"Bibliography (BIB) ID": "BIB:Hemeraeus_1643",
		"Author": "Claude Hémeré [Hemeraeus]",
		"Name of Volume/Journal": "Augusta Viromandorum",
		"Location": "Paris",
		"Publication Year": "1643",
		"Input data": "FEM",
		"Date entered": "2024-7-16"
	},
	{
		"Bibliography (BIB) ID": "BIB:Higgins_1990",
		"Author": "Paula Higgins",
		"Name of Article": "Tracing the Careers of Late Medieval Composers: The Case of Philippe Basiron of Bourges",
		"Name of Volume/Journal": "Acta Musicologica",
		"Volume": "62",
		"Publication Year": "1990",
		"Input data": "SMB",
		"Date entered": "2024-8-10"
	},
	{
		"Bibliography (BIB) ID": "BIB:Higgins_2009",
		"Author": "Paula Higgins",
		"Name of Article": "Speaking of the Devil and Discipuli: Eloy d'Amerval, Saint-Martin of Tours, and Music in the Loire Valley, ca. 1465–1505",
		"Name of Volume/Journal": "Uno gentile et subtile ingenio",
		"Publication Year": "2009",
		"Input data": "ECZ",
		"Date entered": "2024-2-22"
	},
	{
		"Bibliography (BIB) ID": "BIB:Jas_1994",
		"Author": "Eric Jas",
		"Name of Article": "A Rediscovered Mass of Jheronimus Vinders?",
		"Name of Volume/Journal": "From Ciconia to Sweelinck: donum natalicium Willem Elders",
		"Editor": "Albert Clement and Eric Jas",
		"Location": "Amsterdam",
		"Publisher": "Editions Rodopi B.V.",
		"Publication Year": "1994",
		"Pages": "221–43",
		"Input data": "BSO",
		"Date entered": "2024-3-16"
	},
	{
		"Bibliography (BIB) ID": "BIB:Kellman_2009",
		"Author": "Herbert Kellman",
		"Name of Article": "Dad and Granddad Were Cops: Josquin's Ancestry",
		"Name of Volume/Journal": "Uno Gentile et Subtile Ingenio: Studies in Renaissance Music in Honour of Bonnie J. Blackburn",
		"Editor": "M. Jennifer Bloxam, Gioia Filocamo, and Leofranc Holford-Strevens",
		"Location": "Turnhout",
		"Publisher": "Brepols",
		"Publication Year": "2009",
		"Pages": "183–200",
		"Input data": "BSO",
		"Date entered": "2024-2-11"
	},
	{
		"Bibliography (BIB) ID": "BIB:Kostrzewski_2021",
		"Author": "Brett Kostrzewski",
		"Name of Article": "Rome after Josquin: The Missa La sol fa re mi reconsidered",
		"Name of Volume/Journal": "Journal of Musicology",
		"Volume": "38",
		"Publication Year": "2021",
		"Pages": "67–108",
		"Input data": "BSO",
		"Date entered": "2023-3-21"
	},
	{
		"Bibliography (BIB) ID": "BIB:Lesure_1958",
		"Author": "Francois Lesure",
		"Name of Article": "Notes Pour une Biographie de Jean L'Heritier",
		"Name of Volume/Journal": "Revue de Musicologie",
		"Volume": "42 no. 118",
		"Publication Year": "1958",
		"Pages": "219-220",
		"Input data": "SMB",
		"Date entered": "2025-3-15"
	},
	{
		"Bibliography (BIB) ID": "BIB:Lockwood_1976",
		"Author": "Lewis Lockwood",
		"Name of Article": "Josquin at Ferrara: New Documents and Letters",
		"Name of Volume/Journal": "Josquin des Prez: Proceedings of the International Josquin Festival Conference held at The Juilliard School at Lincoln Center in New York City, 21–25 June 1971",
		"Editor": "Edward E. Lowinsky and Bonnie J. Blackburn",
		"Location": "Oxford",
		"Publisher": "Oxford University Press",
		"Publication Year": "1976",
		"Pages": "103–37",
		"Input data": "BSO",
		"Date entered": "2023-3-21"
	},
	{
		"Bibliography (BIB) ID": "BIB:Lockwood_1979",
		"Author": "Lewis Lockwood",
		"Name of Article": "Jean Mouton and Jean Michel: New Evidence on French Music and Musicians in Italy, 1505–1520",
		"Name of Volume/Journal": "Journal of the American Musicological Society",
		"Volume": "32",
		"Publication Year": "1979",
		"Pages": "191–246",
		"Input data": "BSO",
		"Date entered": "2024-2-11"
	},
	{
		"Bibliography (BIB) ID": "BIB:Lockwood_1998",
		"Author": "Lewis Lockwood",
		"Name of Article": "A Virtuoso Singer at Ferrara and Rome: The Case of Bidon",
		"Name of Volume/Journal": "Papal Music and Musicians in Late Medieval and Renaissance Rome",
		"Editor": "Richard Sherr",
		"Location": "Oxford",
		"Publisher": "Clarendon",
		"Publication Year": "1998",
		"Pages": "224–39",
		"Input data": "BSO",
		"Date entered": "2023-5-19"
	},
	{
		"Bibliography (BIB) ID": "BIB:Lockwood_2009",
		"Author": "Lewis Lockwood",
		"Name of Volume/Journal": "Music in Renaissance Ferrara, 1400–1505",
		"Edition": "2nd",
		"Location": "Oxford",
		"Publisher": "Oxford University Press",
		"Publication Year": "2009",
		"Input data": "BSO",
		"Date entered": "2023-3-21"
	},
	{
		"Bibliography (BIB) ID": "BIB:Lowinsky_1950",
		"Author": "Edward E. Lowinsky",
		"Name of Article": "A Newly Discovered Sixteenth-Century Motet Manuscript at the Biblioteca Vallicelliana in Rome",
		"Name of Volume/Journal": "Journal of the American Musicological Society",
		"Volume": "3",
		"Publication Year": "1950",
		"Pages": "173–232",
		"Input data": "SMB",
		"Date entered": "2024-6-16"
	},
	{
		"Bibliography (BIB) ID": "BIB:Magro_1999",
		"Author": "Agostino Magro",
		"Name of Article": "Premierement ma baronnie de chasteauneuf': Jean De Ockeghem, Treasurer of St Martin's in Tours",
		"Name of Volume/Journal": "Early Music History",
		"Volume": "18",
		"Publication Year": "1999",
		"Pages": "165–258",
		"Input data": "SMB",
		"Date entered": "2024-9-20"
	},
	{
		"Bibliography (BIB) ID": "BIB:Meconi_2003",
		"Author": "Honey Meconi",
		"Name of Volume/Journal": "Pierre de la Rue and Musical Life at the Habsburg-Burgundian Court",
		"Location": "Oxford",
		"Publisher": "Oxford University Press",
		"Publication Year": "2003",
		"Input data": "SMB",
		"Date entered": "2024-7-26"
	},
	{
		"Bibliography (BIB) ID": "BIB:Merkley_M_1999",
		"Author": "Paul A. Merkley and Lora L. M. Merkley",
		"Name of Volume/Journal": "Music and Patronage in the Sforza Court",
		"Location": "Turnhout",
		"Publisher": "Brepols",
		"Publication Year": "1999",
		"Input data": "FEM",
		"Date entered": "2023-6-7"
	},
	{
		"Bibliography (BIB) ID": "BIB:MerkleyP_2001",
		"Author": "Paul Merkley",
		"Name of Article": "Josquin Desprez in Ferrara",
		"Name of Volume/Journal": "Journal of Musicology",
		"Volume": "18",
		"Publication Year": "2001",
		"Pages": "544–83",
		"Input data": "BSO",
		"Date entered": "2023-3-21"
	},
	{
		"Bibliography (BIB) ID": "BIB:MerkleyP_2017",
		"Author": "Paul Merkley",
		"Name of Volume/Journal": "Music and Patronage in the Court of Rene d'Anjou: Sacred and Secular Music in the Literary Program and Ceremonial",
		"Location": "Tempe",
		"Publisher": "Arizona Center for Medieval and Renaissance Studies",
		"Publication Year": "2017",
		"Input data": "SMB",
		"Date entered": "2024-9-27"
	},
	{
		"Bibliography (BIB) ID": "BIB:Nassiet_2022",
		"Author": "Michel Nassiet",
		"Name of Volume/Journal": "Anne de Bretagne: Correspondance et itinéraire",
		"Location": "Rennes",
		"Publisher": "Presses Universitaires de Rennes",
		"Publication Year": "2022",
		"Input data": "BSO",
		"Date entered": "2023-5-2"
	},
	{
		"Bibliography (BIB) ID": "BIB:Newcomb_2001",
		"Author": "Anthony Newcomb",
		"Name of Article": "Milleville",
		"Name of Volume/Journal": "Grove Music Online",
		"Publication Year": "2001",
		"URL": "https://www.oxfordmusiconline.com/",
		"Input data": "BSO",
		"Date entered": "2023-3-21"
	},
	{
		"Bibliography (BIB) ID": "BIB:Noble_1976",
		"Author": "Jeremy Noble",
		"Name of Article": "New Light on Josquin's Benefices",
		"Name of Volume/Journal": "Josquin des Prez: Proceedings of the International Josquin Festival Conference held at The Juilliard School at Lincoln Center in New York City, 21–25 June 1971",
		"Editor": "Edward E. Lowinsky and Bonnie J. Blackburn",
		"Location": "Oxford",
		"Publisher": "Oxford University Press",
		"Publication Year": "1976",
		"Pages": "76–102",
		"Input data": "BSO",
		"Date entered": "2023-3-21"
	},
	{
		"Bibliography (BIB) ID": "BIB:Nosow_1991",
		"Author": "Robert Nosow",
		"Name of Article": "The Dating and Provenance of Bologna, Civico Museo Bibliografico Musicale, MS Q 19",
		"Name of Volume/Journal": "Journal of Musicology",
		"Volume": "9",
		"Publication Year": "1991",
		"Pages": "92–108",
		"Input data": "BSO",
		"Date entered": "2024-3-18"
	},
	{
		"Bibliography (BIB) ID": "BIB:Nosow_2021",
		"Author": "Robert Nosow",
		"Name of Volume/Journal": "Hobrecht and His Singers",
		"Location": "Turnhout",
		"Publisher": "Brepols",
		"Publication Year": "2021",
		"Input data": "SMB",
		"Date entered": "2024-11-21"
	},
	{
		"Bibliography (BIB) ID": "BIB:Pellegrini_2002",
		"Author": "Marco Pellegrini",
		"Name of Volume/Journal": "Ascanio Maria Sforza: la parabola politica di un cardinale-principe del rinascimento",
		"Volume": "2 vols.",
		"Location": "Rome",
		"Publisher": "Istituto storico italiano per il medioevo",
		"Publication Year": "2002"
	},
	{
		"Bibliography (BIB) ID": "BIB:Perkins_1965",
		"Author": "Leeman Perkins",
		"Name of Volume/Journal": "The Motets of Jean Lheritier",
		"Publisher": "[unpubl. PhD diss., Yale]",
		"Publication Year": "1965",
		"Input data": "SMB",
		"Date entered": "2025-3-15"
	},
	{
		"Bibliography (BIB) ID": "BIB:Perkins_1984",
		"Author": "Leeman L. Perkins",
		"Name of Article": "Musical Patronage at the Royal Court of France Under Charles VII and Louis XI (1422-83)",
		"Name of Volume/Journal": "Journal of the American Musicological Society",
		"Volume": "37",
		"Publication Year": "1984",
		"Pages": "507–66",
		"Input data": "SMB",
		"Date entered": "2024-9-21"
	},
	{
		"Bibliography (BIB) ID": "BIB:Picker_1966",
		"Author": "Martin Picker",
		"Name of Article": "A Letter of Charles VIII of France Concerning Alexander Agricola",
		"Name of Volume/Journal": "Aspects of Medieval and Renaissance Music: A Birthday Offering to Gustave Reese",
		"Editor": "Jan LaRue",
		"Location": "New York",
		"Publisher": "Pendragon",
		"Publication Year": "1966",
		"Pages": "665–72",
		"Notes": "1978 reissue",
		"Input data": "SMB",
		"Date entered": "2024-8-2"
	},
	{
		"Bibliography (BIB) ID": "BIB:Picker_1994",
		"Author": "Martin Picker",
		"Name of Article": "The Career of Marbriano de Orto (ca. 1450 - 1529)",
		"Name of Volume/Journal": "Studien zur Geschichte der Paepstlichen Kapelle",
		"Editor": "Bernhard Janz",
		"Volume": "II",
		"Location": "Rome",
		"Publisher": "Biblioteca Apostolica Vaticana",
		"Publication Year": "1994",
		"Pages": "529-558",
		"Input data": "SMB",
		"Date entered": "2025-1-18"
	},
	{
		"Bibliography (BIB) ID": "BIB:Pidoux_1964",
		"Author": "Pierre Pidoux",
		"Name of Article": "Antoine Brumel à Genève",
		"Name of Volume/Journal": "Revue de Musicologie",
		"Volume": "50",
		"Publication Year": "1964",
		"Pages": "110–12",
		"Input data": "SMB",
		"Date entered": "2024-6-6"
	},
	{
		"Bibliography (BIB) ID": "BIB:Pirro_1928",
		"Author": "Andre Pirro",
		"Name of Article": "Dokumente über Antoine Brumel, Louis van Pullaer, und Crispin van Stappen",
		"Name of Volume/Journal": "Zeitschrift für Musikwissenschaft",
		"Editor": "Einstein, Alfred",
		"Volume": "11",
		"Location": "Wiesbaden",
		"Publisher": "Breitkopf und Härtel",
		"Publication Year": "1928",
		"Pages": "349–53",
		"Input data": "SMB",
		"Date entered": "2024-6-1"
	},
	{
		"Bibliography (BIB) ID": "BIB:Planchart_2001",
		"Author": "Alejandro Planchart",
		"Name of Article": "Du Fay, Guillaume",
		"Name of Volume/Journal": "Grove Music Online",
		"Location": "Oxford",
		"Publisher": "Oxford University Press",
		"Publication Year": "2001",
		"Input data": "SMB",
		"Date entered": "2024-8-22"
	},
	{
		"Bibliography (BIB) ID": "BIB:Planchart_2018",
		"Author": "Alejandro Planchart",
		"Name of Volume/Journal": "Guillaume Du Fay: The Life and Works",
		"Location": "Cambridge",
		"Publisher": "Cambridge University Press",
		"Publication Year": "2018",
		"Input data": "SMB",
		"Date entered": "2024-8-18"
	},
	{
		"Bibliography (BIB) ID": "BIB:Prizer_1977",
		"Author": "William F. Prizer",
		"Name of Article": "La cappella di Francesco II Gonzaga e la musica sacra a Mantova nel primo ventennio del Cinquecento",
		"Name of Volume/Journal": "Mantova e I Gonzaga nella Civiltà del Rinascimento",
		"Location": "Mantua",
		"Publisher": "Accademia Virgiliana",
		"Publication Year": "1977",
		"Pages": "267–76",
		"Input data": "SMB",
		"Date entered": "2024-6-19"
	},
	{
		"Bibliography (BIB) ID": "BIB:Prizer_1996",
		"Author": "William F. Prizer",
		"Name of Article": "Secular Music at Milan during the Early Cinquecento: Florence, Biblioteca del Conservatorio, MS Basevi 2441",
		"Name of Volume/Journal": "Musica Disciplina",
		"Volume": "50",
		"Publication Year": "1996",
		"Pages": "9–57",
		"Input data": "BSO",
		"Date entered": "2023-3-21"
	},
	{
		"Bibliography (BIB) ID": "BIB:Rifkin_2012",
		"Author": "Joshua Rifkin",
		"Name of Article": "A Black Hole? Problems in the Motet Around 1500",
		"Name of Volume/Journal": "The Motet Around 1500: On the Relationship of Imitation and Text Treatment?",
		"Editor": "Thomas Schmidt-Beste",
		"Location": "Turnhout",
		"Publisher": "Brepols",
		"Publication Year": "2012",
		"Pages": "21–82",
		"Input data": "BSO",
		"Date entered": "2023-5-18"
	},
	{
		"Bibliography (BIB) ID": "BIB:Robin_1985",
		"Author": "Francoise Robin",
		"Name of Article": "Josquin des Prés au service de René d'Anjou?",
		"Name of Volume/Journal": "Revue de Musicologie",
		"Volume": "71",
		"Publication Year": "1985",
		"Pages": "180–81",
		"URL": "https://doi.org/10.2307/928600",
		"Input data": "FEM",
		"Date entered": "2024-8-18"
	},
	{
		"Bibliography (BIB) ID": "BIB:Sartori_1957",
		"Author": "Claudio Sartori",
		"Name of Article": "Organs, Organ-Builders, and Organists in Milan, 1450-1476: New and Unpublished documents",
		"Name of Volume/Journal": "Music Quarterly",
		"Volume": "41",
		"Publication Year": "1957",
		"Pages": "57–67",
		"Input data": "SMB",
		"Date entered": "2024-8-4"
	},
	{
		"Bibliography (BIB) ID": "BIB:Schmidt-Goerg_1938",
		"Author": "Joseph Schmidt-Görg",
		"Name of Volume/Journal": "Nicolas Gombert: Kapellmeister Kaiser Karls V. Leben und Werk",
		"Location": "Bonn",
		"Publisher": "Ludwig Roehrscheid Verlag",
		"Publication Year": "1938",
		"Input data": "SMB",
		"Date entered": "2024-8-9"
	},
	{
		"Bibliography (BIB) ID": "BIB:Schreurs_2015",
		"Author": "Eugeen Schreurs",
		"Name of Article": "Noel Bauldeweyn - Magister Cantorum in Mechelen and Antwerp (?): Some Reflections Arising from a 'Brumel' Mass in Brno",
		"Name of Volume/Journal": "Tijdschrift van de Koninklijke Vereniging voor Nederlandse Muziekgeschiedenis",
		"Volume": "65",
		"Publication Year": "2015",
		"Pages": "107–23",
		"Input data": "BSO",
		"Date entered": "2024-3-16"
	},
	{
		"Bibliography (BIB) ID": "BIB:Sherr_1975",
		"Author": "Richard Sherr",
		"Name of Article": "The Papal Chapel ca. 1492–1513 and its Polyphonic Sources",
		"Publisher": "Ph.D. diss., Princeton University",
		"Publication Year": "1975",
		"Input data": "BSO",
		"Date entered": "2023-5-8"
	},
	{
		"Bibliography (BIB) ID": "BIB:Sherr_1984",
		"Author": "Richard Sherr",
		"Name of Article": "Verdelot in Florence, Coppini in Rome, and the Singer 'La Fiore'",
		"Name of Volume/Journal": "Journal of the American Musicological Society",
		"Volume": "37",
		"Publication Year": "1984",
		"Pages": "402–11",
		"Input data": "BSO",
		"Date entered": "2024-3-17"
	},
	{
		"Bibliography (BIB) ID": "BIB:Sherr_1988",
		"Author": "Richard Sherr",
		"Name of Article": "The Membership of the Chapels of Louis XII and Anne de Bretagne in the Years Preceding their Deaths",
		"Name of Volume/Journal": "Journal of Musicology",
		"Volume": "6",
		"Publication Year": "1988",
		"Pages": "60–82",
		"Input data": "BSO",
		"Date entered": "2024-4-4"
	},
	{
		"Bibliography (BIB) ID": "BIB:Sherr_1992",
		"Author": "Richard Sherr",
		"Name of Article": "The Spanish Nation in the Papal Chapel, 1492-1521",
		"Name of Volume/Journal": "Early Music",
		"Volume": "20",
		"Publication Year": "1992",
		"Pages": "601–610",
		"Input data": "SMB",
		"Date entered": "2024-10-12"
	},
	{
		"Bibliography (BIB) ID": "BIB:Sherr_1994",
		"Author": "Richard Sherr",
		"Name of Article": "A Biographical Miscellany: Josquin, Tinctoris, Obrecht, Brumel",
		"Name of Volume/Journal": "Musicologia Humana: Studies in Honor of Warren and Ursula Kirkendale",
		"Editor": "Siegfried Gmeinwieser, David Hiley, Joerg Riedlbauer",
		"Location": "Florence",
		"Publisher": "Leo S. Olschki",
		"Publication Year": "1994",
		"Pages": "65–73",
		"Input data": "SMB",
		"Date entered": "2024-5-30"
	},
	{
		"Bibliography (BIB) ID": "BIB:Sherr_2001",
		"Author": "Richard Sherr",
		"Name of Article": "Bidon, Antonio",
		"Name of Volume/Journal": "Grove Music Online",
		"Publication Year": "2001",
		"URL": "https://www.oxfordmusiconline.com/",
		"Input data": "BSO",
		"Date entered": "2023-3-21"
	},
	{
		"Bibliography (BIB) ID": "BIB:Staehelin_1977",
		"Author": "Martin Staehelin",
		"Name of Volume/Journal": "Die Messen Heinrich Isaacs",
		"Volume": "2",
		"Location": "Bern",
		"Publisher": "Paul Haupt",
		"Publication Year": "1977",
		"Input data": "SMB",
		"Date entered": "2024-6-27"
	},
	{
		"Bibliography (BIB) ID": "BIB:Starr_1987",
		"Author": "Pamela F. Starr",
		"Name of Article": "Music and Music Patronage at the Papal Court, 1447–1464",
		"Publisher": "Ph.D. diss., Yale University",
		"Publication Year": "1987",
		"Input data": "LO",
		"Date entered": "2024-3-15"
	},
	{
		"Bibliography (BIB) ID": "BIB:Starr_1992",
		"Author": "Pamela F. Starr",
		"Name of Article": "Rome as the Centre of the Universe: Papal Grace and Music Patronage",
		"Name of Volume/Journal": "Early Music History",
		"Volume": "11",
		"Location": "Cambridge",
		"Publisher": "Cambridge University Press",
		"Publication Year": "1992",
		"Pages": "223–262",
		"Input data": "LO",
		"Date entered": "2024-3-1"
	},
	{
		"Bibliography (BIB) ID": "BIB:Starr_1994",
		"Author": "Pamela F. Starr",
		"Name of Article": "Towards the Cappella Sistina: A Profile of the Cappella Pontificia during the pontificates of Nicholas V, Calixtus III, Pius II, and Paul II (1447-1471)",
		"Name of Volume/Journal": "Studien zur Geschichte der Paepstlichen Kapelle",
		"Editor": "Bernhard Janz",
		"Volume": "II",
		"Location": "Rome",
		"Publisher": "Biblioteca Apostolica Vaticana",
		"Publication Year": "1994",
		"Pages": "451-475",
		"Input data": "SMB",
		"Date entered": "2025-1-19"
	},
	{
		"Bibliography (BIB) ID": "BIB:Starr_1995",
		"Author": "Pamela F. Starr",
		"Name of Article": "Southern Exposure: Roman Light on Johannes Regis",
		"Name of Volume/Journal": "Revue belge de Musicologie",
		"Volume": "49",
		"Publication Year": "1995",
		"Pages": "27–38",
		"Input data": "SMB",
		"Date entered": "2024-8-17"
	},
	{
		"Bibliography (BIB) ID": "BIB:Straeten_1878",
		"Author": "Edmond vander Straeten",
		"Name of Volume/Journal": "La musique aux Pays-Bas avant le 19e. siècle",
		"Volume": "4",
		"Location": "Brussels",
		"Publisher": "Van Trigt",
		"Publication Year": "1878",
		"Input data": "SMB",
		"Date entered": "2024-8-11"
	},
	{
		"Bibliography (BIB) ID": "BIB:Straeten_1882",
		"Author": "Edmond vander Straeten",
		"Name of Volume/Journal": "La musique aux Pays-Bas avant le XIXe siècle",
		"Volume": "6",
		"Location": "Brussels",
		"Publisher": "G.-A. Van Trigt",
		"Publication Year": "1882",
		"Input data": "BSO",
		"Date entered": "2023-3-22"
	},
	{
		"Bibliography (BIB) ID": "BIB:Strohm_1985",
		"Author": "Reinhard Strohm",
		"Name of Volume/Journal": "Music in Late Medieval Bruges",
		"Publisher": "Oxford University Press",
		"Publication Year": "1985",
		"Notes": "1990 reprint with corrections",
		"Input data": "LO",
		"Date entered": "2024-8-4"
	},
	{
		"Bibliography (BIB) ID": "BIB:Vanhulst_2005",
		"Author": "Henri Vanhulst",
		"Name of Article": "Clemens non Papa 'grant yvroigne et mal vivant'",
		"Name of Volume/Journal": "Beyond Contemporary Fame: Reassessing the Art of Clemens non Papa and Thomas Crecquillon",
		"Editor": "Eric Jas",
		"Series": "Epitome musical",
		"Location": "Turnhout",
		"Publisher": "Brepols",
		"Publication Year": "2005",
		"Pages": "17–25",
		"Input data": "AN",
		"Date entered": "2024-12-04"
	},
	{
		"Bibliography (BIB) ID": "BIB:Wegman_2001",
		"Author": "Rob C. Wegman",
		"Name of Article": "Obrecht, Jacob",
		"Name of Volume/Journal": "Grove Music Online",
		"Publication Year": "2001",
		"URL": "https://www.oxfordmusiconline.com/",
		"Input data": "BSO",
		"Date entered": "2023-3-21"
	},
	{
		"Bibliography (BIB) ID": "BIB:Wegman_2008",
		"Author": "Rob C. Wegman",
		"Name of Article": "Ockeghem, Brumel, Josquin: New Documents in Troyes",
		"Name of Volume/Journal": "Early Music",
		"Volume": "36",
		"Publisher": "Oxford University Press",
		"Publication Year": "2008",
		"Pages": "203–17",
		"Input data": "SMB",
		"Date entered": "2024-6-7"
	},
	{
		"Bibliography (BIB) ID": "BIB:Wegman_2009",
		"Author": "Rob C. Wegman",
		"Name of Article": "The Testament of Jean de Sainte Gille (d. 1501)",
		"Name of Volume/Journal": "Revue de Musicologie",
		"Volume": "95",
		"Publication Year": "2009",
		"Pages": "7–36",
		"Input data": "SMB",
		"Date entered": "2024-10-13"
	},
	{
		"Bibliography (BIB) ID": "BIB:Wexler_2014",
		"Author": "Richard Wexler",
		"Name of Volume/Journal": "Antoine Bruhier: Life and Works of a Renaissance Papal Composer",
		"Series": "Epitome musical",
		"Location": "Turnhout",
		"Publisher": "Brepols",
		"Publication Year": "2014",
		"Input data": "SMB",
		"Date entered": "2024-8-16"
	},
	{
		"Bibliography (BIB) ID": "BIB:Wilson_2006",
		"Author": "Blake Wilson",
		"Name of Article": "Heinrich Isaac among the Florentines",
		"Name of Volume/Journal": "Journal of Musicology",
		"Volume": "23",
		"Publication Year": "2006",
		"Pages": "97–152",
		"Input data": "SMB",
		"Date entered": "2024-9-29"
	},
	{
		"Bibliography (BIB) ID": "BIB:Woodley_1981",
		"Author": "Ronald Woodley",
		"Name of Article": "Iohannes Tinctoris: A Review of the Documentary Biographical Evidence",
		"Name of Volume/Journal": "Journal of the American Musicological Society",
		"Volume": "34",
		"Publication Year": "1981",
		"Pages": "217–48",
		"Input data": "SMB",
		"Date entered": "2024-9-14"
	},
	{
		"Bibliography (BIB) ID": "BIB:Woodley_2009",
		"Author": "Ronald Woodley",
		"Name of Article": "Tinctoris and Nivelles: The Obit Evidence",
		"Name of Volume/Journal": "Journal of the Alamire Foundation",
		"Volume": "1",
		"Publisher": "Brepols",
		"Publication Year": "2009",
		"Pages": "110–121",
		"URL": "https://www.brepolsonline.net/doi/pdf/10.1484/J.JAF.1.100442",
		"Input data": "SMB",
		"Date entered": "2024-9-14"
	},
	{
		"Bibliography (BIB) ID": "BIB:Woodley_2013",
		"Author": "Ronald Woodley",
		"Name of Article": "Johannes Tinctoris: Biographical Outline",
		"Name of Volume/Journal": "Early Music Theory Online",
		"Publication Year": "2013",
		"URL": "https://earlymusictheory.org/Tinctoris/Tinctoris/BiographicalOutline/",
		"Input data": "SMB",
		"Date entered": "2024-9-14"
	},
	{
		"Bibliography (BIB) ID": "BIB:Wright_1978",
		"Author": "Craig Wright",
		"Name of Article": "Performance Practices at the Cathedral of Cambrai 1475-1550",
		"Name of Volume/Journal": "Musical Quarterly",
		"Volume": "64",
		"Publication Year": "1978",
		"Pages": "295–328",
		"Input data": "SMB",
		"Date entered": "2024-10-18"
	},
	{
		"Bibliography (BIB) ID": "BIB:Wright_1981",
		"Author": "Craig Wright",
		"Name of Article": "Antoine Brumel and Patronage at Paris",
		"Name of Volume/Journal": "Music in Medieval and Early Modern Europe",
		"Editor": "Iain Fenlon",
		"Location": "Cambridge",
		"Publisher": "Cambridge University Press",
		"Publication Year": "1981",
		"Pages": "37–60",
		"Input data": "SMB",
		"Date entered": "2024-5-29"
	},
	{
		"Bibliography (BIB) ID": "BIB:Zanovello_2005",
		"Author": "Giovanni Zanovello",
		"Name of Article": "Heinrich Isaac, The Mass Misericordias Domini, and Music in Late Fifteenth-Century Florence",
		"Publisher": "Ph.D. diss., Princeton University",
		"Publication Year": "2005",
		"Input data": "SMB",
		"Date entered": "2024-6-21"
	},
	{
		"Bibliography (BIB) ID": "BIB:Rees_2007",
		"Author": "Owen Rees",
		"Name of Article": "Cristobal de Morales: Sources, Influences, Reception - Introduction",
		"Editor": "Owen Rees, Bernadette Nelson",
		"Location": "Woodbridge",
		"Publisher": "Boydell",
		"Publication Year": "2007",
		"Pages": "xxiii-xxxvii",
		"Input data": "AN",
		"Date entered": "2025-01-19"
	},
	{
		"Bibliography (BIB) ID": "BIB:Ferer_2012",
		"Author": "Mary Tiffany Ferer",
		"Name of Volume/Journal": "Music and Ceremony at the Court of Charles V",
		"Location": "Woodbridge",
		"Publisher": "Boydell",
		"Publication Year": "2012",
		"Input data": "AN",
		"Date entered": "2025-02-01"
	},
	{
		"Bibliography (BIB) ID": "BIB:Higgins_1987",
		"Author": "Paula Higgins",
		"Name of Volume/Journal": "Antoine Busnois and Musical Culture in Late Fifteenth-Century France and Burgundy",
		"Publisher": "Ph.D. diss., Princeton University",
		"Publication Year": "1987",
		"Input data": "LO",
		"Date entered": "2025-02-09"
	},
	{
		"Bibliography (BIB) ID": "BIB:Bent_2001",
		"Author": "Margaret Bent",
		"Name of Article": "Dunstaple [Dunstable, Dunstapell, Dumstable, Donstaple, etc.], John",
		"Name of Volume/Journal": "Grove Music Online",
		"Publication Year": "2001",
		"URL": "https://www-oxfordmusiconline-com.libproxy.berkeley.edu/grovemusic/view/10.1093/gmo/9781561592630.001.0001/omo-9781561592630-e-0000008331",
		"Input data": "FEM",
		"Date entered": "2025-03-01"
	},
	{
		"Bibliography (BIB) ID": "BIB:Bent_1981",
		"Author": "Margaret Bent",
		"Name of Article": "Dunstaple",
		"Publisher": "Oxford University Press",
		"Publication Year": "1981",
		"Input data": "FEM",
		"Date entered": "2025-03-01"
	},
	{
		"Bibliography (BIB) ID": "BIB:Bent_2004",
		"Author": "Margaret Bent",
		"Name of Article": "Dunstaple [Dunstable], John",
		"Name of Volume/Journal": "Oxford Dictionary of National Biography",
		"Publication Year": "2004",
		"URL": "https://www-oxforddnb-com.libproxy.berkeley.edu/view/10.1093/ref:odnb/9780198614128.001.0001/odnb-9780198614128-e-8286.",
		"Input data": "FEM",
		"Date entered": "2025-03-01"
	},
	{
		"Bibliography (BIB) ID": "BIB:Higgins_1999",
		"Name of Volume/Journal": "Antoine Busnoys: Method, Meaning, and Context in Late Medieval Music",
		"Editor": "Paula Higgins",
		"Location": "Oxford",
		"Publisher": "Clarendon Press",
		"Publication Year": "1999",
		"Input data": "SMB",
		"Date entered": "2024-03-13"
	},
	{
		"Bibliography (BIB) ID": "BIB:Callewier_2009",
		"Author": "Hendrik Callewier",
		"Name of Article": "\"What you do on the Sly...Will be Deemed Forgiven in the Sight of the Most High\": Gilles Goye and the Changing Status of Singers in Fifteenth-Century Bruges",
		"Name of Volume/Journal": "Journal of the Alamire Foundation",
		"Volume": "1",
		"Publication Year": "2009",
		"Pages": "89–109",
		"Input data": "ECZ",
		"Date entered": "2025-03-17"
	},
	{
		"Bibliography (BIB) ID": "BIB:Smijers_1931",
		"Name of Article": "De Illustre Lieve Vrouwe Broederschap te 's-Hertogenbosch. V. Rekeningen van Sint Jan 1475 tot Sint Jan 1500",
		"Name of Volume/Journal": "Tijdschrift van de Vereniging voor Nederlandse Muziekgeschiedenis",
		"Volume": "XIII",
		"Publication Year": "1932",
		"Pages": "181-237",
		"Input data": "SMB",
		"Date entered": "2025-3-19"
	},
	{
		"Bibliography (BIB) ID": "BIB:Cross_1963",
		"Author": "Ronald Cross",
		"Name of Article": "The Life and Works of Matthaeus Pipelare",
		"Name of Volume/Journal": "Musica Disciplina",
		"Volume": "17",
		"Publication Year": "1963",
		"Pages": "97-114",
		"Input data": "SMB",
		"Date entered": "2025-3-19"
	},
	{
		"Bibliography (BIB) ID": "BIB:Camperi_2001",
		"Author": "Alexandra Amati-Camperi",
		"Name of Article": "A Fresh Look at the Life of Verdelot, Maestro di Cappella at the Duomo of Florence",
		"Name of Volume/Journal": "Atti del VII centenario del Duomo di Firenze",
		"Editor": "Timothy Verdon & Annalisa Innocenti",
		"Location": "Florence",
		"Publisher": "Edifir",
		"Publication Year": "2001",
		"Pages": "89-105",
		"Input data": "SMB",
		"Date entered": "2025-3-27"
	},
	{
		"Bibliography (BIB) ID": "BIB:Finscher_1964",
		"Author": "Ludwig Finscher",
		"Name of Article": "Loyset Compère (ca. 1450-1518), Life and Works",
		"Name of Volume/Journal": "Musicological Studies and Documents",
		"Volume": "12",
		"Publisher": "American Institute of Musicology",
		"Publication Year": "1964",
		"Input data": "SC",
		"Date entered": "2025-06-19"
	},
	{
		"Bibliography (BIB) ID": "BIB:Isaacson_2017",
		"Author": "Walter Isaacson",
		"Name of Volume/Journal": "Leonardo da Vinci",
		"Location": "New York",
		"Publisher": "Simon & Schuster",
		"Publication Year": "2017",
		"Pages": "293-512",
		"Input data": "HC",
		"Date entered": "2025-10-14"
	},
	{
		"Bibliography (BIB) ID": "BIB:Wegman_1989",
		"Author": "Rob C. Wegman",
		"Name of Article": "Music and Musicians at the Guild of Our Lady in Bergen op Zoom, c. 1470–1510",
		"Name of Volume/Journal": "Early Music History",
		"Volume": "9",
		"Location": "Cambridge",
		"Publisher": "Cambridge University Press",
		"Publication Year": "1989",
		"Pages": "175–249",
		"Input data": "LO",
		"Date entered": "2025-10-27"
	}
]