[
	{
		"Spreadsheet ID": "EV",
		"JavaScript Name": "EVID",
		"GID": "2002075686",
		"Spreadsheet Name": "Events",
		"Column": "A",
		"Column Name": "ID"
	},
	{
		"Spreadsheet ID": "EV",
		"JavaScript Name": "LOCID",
		"GID": "2002075686",
		"Spreadsheet Name": "Events",
		"Column": "B",
		"Column Name": "Location ID (LOC)"
	},
	{
		"Spreadsheet ID": "EV",
		"JavaScript Name": "BIOID",
		"GID": "2002075686",
		"Spreadsheet Name": "Events",
		"Column": "C",
		"Column Name": "Biography ID (BCO, BMU, BNO)"
	},
	{
		"Spreadsheet ID": "EV",
		"JavaScript Name": "OCCID",
		"GID": "2002075686",
		"Spreadsheet Name": "Events",
		"Column": "D",
		"Column Name": "Occasion ID (OCC)"
	},
	{
		"Spreadsheet ID": "EV",
		"JavaScript Name": "INSID",
		"GID": "2002075686",
		"Spreadsheet Name": "Events",
		"Column": "E",
		"Column Name": "Institution ID (INS)"
	},
	{
		"Spreadsheet ID": "EV",
		"JavaScript Name": "CERTLOC",
		"GID": "2002075686",
		"Spreadsheet Name": "Events",
		"Column": "F",
		"Column Name": "LOC Certainty"
	},
	{
		"Spreadsheet ID": "EV",
		"JavaScript Name": "EYEAR",
		"GID": "2002075686",
		"Spreadsheet Name": "Events",
		"Column": "G",
		"Column Name": "Earliest Year"
	},
	{
		"Spreadsheet ID": "EV",
		"JavaScript Name": "EMONTH",
		"GID": "2002075686",
		"Spreadsheet Name": "Events",
		"Column": "H",
		"Column Name": "Earliest Month"
	},
	{
		"Spreadsheet ID": "EV",
		"JavaScript Name": "EDAY",
		"GID": "2002075686",
		"Spreadsheet Name": "Events",
		"Column": "I",
		"Column Name": "Earliest Day"
	},
	{
		"Spreadsheet ID": "EV",
		"JavaScript Name": "CERTEDATE",
		"GID": "2002075686",
		"Spreadsheet Name": "Events",
		"Column": "J",
		"Column Name": "Earliest Date Certainty"
	},
	{
		"Spreadsheet ID": "EV",
		"JavaScript Name": "LYEAR",
		"GID": "2002075686",
		"Spreadsheet Name": "Events",
		"Column": "K",
		"Column Name": "Latest Year"
	},
	{
		"Spreadsheet ID": "EV",
		"JavaScript Name": "LMONTH",
		"GID": "2002075686",
		"Spreadsheet Name": "Events",
		"Column": "L",
		"Column Name": "Latest Month"
	},
	{
		"Spreadsheet ID": "EV",
		"JavaScript Name": "LDAY",
		"GID": "2002075686",
		"Spreadsheet Name": "Events",
		"Column": "M",
		"Column Name": "Latest Day"
	},
	{
		"Spreadsheet ID": "EV",
		"JavaScript Name": "CERTLDATE",
		"GID": "2002075686",
		"Spreadsheet Name": "Events",
		"Column": "N",
		"Column Name": "Latest Date Certainty"
	},
	{
		"Spreadsheet ID": "EV",
		"JavaScript Name": "DATERANGE",
		"GID": "2002075686",
		"Spreadsheet Name": "Events",
		"Column": "O",
		"Column Name": "Date Range"
	},
	{
		"Spreadsheet ID": "EV",
		"JavaScript Name": "CERTRANGE",
		"GID": "2002075686",
		"Spreadsheet Name": "Events",
		"Column": "P",
		"Column Name": "Certainty of Event (within Range)"
	},
	{
		"Spreadsheet ID": "EV",
		"JavaScript Name": "EINFO",
		"GID": "2002075686",
		"Spreadsheet Name": "Events",
		"Column": "Q",
		"Column Name": "Description"
	},
	{
		"Spreadsheet ID": "EV",
		"JavaScript Name": "DOEID",
		"GID": "2002075686",
		"Spreadsheet Name": "Events",
		"Column": "R",
		"Column Name": "Document Entry ID (DOE)"
	},
	{
		"Spreadsheet ID": "EV",
		"JavaScript Name": "BIBID",
		"GID": "2002075686",
		"Spreadsheet Name": "Events",
		"Column": "S",
		"Column Name": "Bibliography ID (BIB)"
	},
	{
		"Spreadsheet ID": "EV",
		"JavaScript Name": "BIBPAGES",
		"GID": "2002075686",
		"Spreadsheet Name": "Events",
		"Column": "T",
		"Column Name": "BIB Pages"
	},
	{
		"Spreadsheet ID": "EV",
		"GID": "2002075686",
		"Spreadsheet Name": "Events",
		"Column": "U",
		"Column Name": "Notes"
	},
	{
		"Spreadsheet ID": "EV",
		"GID": "2002075686",
		"Spreadsheet Name": "Events",
		"Column": "V",
		"Column Name": "Input data"
	},
	{
		"Spreadsheet ID": "EV",
		"GID": "2002075686",
		"Spreadsheet Name": "Events",
		"Column": "W",
		"Column Name": "Date entered"
	},
	{
		"Spreadsheet ID": "EV",
		"GID": "2002075686",
		"Spreadsheet Name": "Events",
		"Column": "X",
		"Column Name": "Update data"
	},
	{
		"Spreadsheet ID": "EV",
		"GID": "2002075686",
		"Spreadsheet Name": "Events",
		"Column": "Y",
		"Column Name": "Date updated"
	},
	{
		"Spreadsheet ID": "OCC",
		"JavaScript Name": "OCCID",
		"GID": "720598622",
		"Spreadsheet Name": "Occasions",
		"Column": "A",
		"Column Name": "Occasion ID (OCC)"
	},
	{
		"Spreadsheet ID": "OCC",
		"JavaScript Name": "ONAME",
		"GID": "720598622",
		"Spreadsheet Name": "Occasions",
		"Column": "B",
		"Column Name": "Occasion Name"
	},
	{
		"Spreadsheet ID": "OCC",
		"JavaScript Name": "OALIAS",
		"GID": "720598622",
		"Spreadsheet Name": "Occasions",
		"Column": "C",
		"Column Name": "Alias"
	},
	{
		"Spreadsheet ID": "OCC",
		"JavaScript Name": "OINFO",
		"GID": "720598622",
		"Spreadsheet Name": "Occasions",
		"Column": "D",
		"Column Name": "Occasion Description"
	},
	{
		"Spreadsheet ID": "OCC",
		"JavaScript Name": "BIBID",
		"GID": "720598622",
		"Spreadsheet Name": "Occasions",
		"Column": "E",
		"Column Name": "Bibliography ID (BIB)"
	},
	{
		"Spreadsheet ID": "OCC",
		"JavaScript Name": "BIBPAGES",
		"GID": "720598622",
		"Spreadsheet Name": "Occasions",
		"Column": "F",
		"Column Name": "BIB Pages"
	},
	{
		"Spreadsheet ID": "OCC",
		"GID": "720598622",
		"Spreadsheet Name": "Occasions",
		"Column": "G",
		"Column Name": "Internal notes"
	},
	{
		"Spreadsheet ID": "OCC",
		"GID": "720598622",
		"Spreadsheet Name": "Occasions",
		"Column": "H",
		"Column Name": "Input data"
	},
	{
		"Spreadsheet ID": "OCC",
		"GID": "720598622",
		"Spreadsheet Name": "Occasions",
		"Column": "I",
		"Column Name": "Date entered"
	},
	{
		"Spreadsheet ID": "OCC",
		"GID": "720598622",
		"Spreadsheet Name": "Occasions",
		"Column": "J",
		"Column Name": "Update data"
	},
	{
		"Spreadsheet ID": "OCC",
		"GID": "720598622",
		"Spreadsheet Name": "Occasions",
		"Column": "K",
		"Column Name": "Date updated"
	},
	{
		"Spreadsheet ID": "DOE",
		"JavaScript Name": "DOEID",
		"GID": "1338879625",
		"Spreadsheet Name": "Doc_Entries",
		"Column": "A",
		"Column Name": "Document Entry (DOE) ID"
	},
	{
		"Spreadsheet ID": "DOE",
		"JavaScript Name": "ARDID",
		"GID": "1338879625",
		"Spreadsheet Name": "Doc_Entries",
		"Column": "B",
		"Column Name": "Archival Document (ARD)"
	},
	{
		"Spreadsheet ID": "DOE",
		"JavaScript Name": "PAGES",
		"GID": "1338879625",
		"Spreadsheet Name": "Doc_Entries",
		"Column": "C",
		"Column Name": "Folios/Pages"
	},
	{
		"Spreadsheet ID": "DOE",
		"JavaScript Name": "LANG",
		"GID": "1338879625",
		"Spreadsheet Name": "Doc_Entries",
		"Column": "D",
		"Column Name": "Language"
	},
	{
		"Spreadsheet ID": "DOE",
		"JavaScript Name": "EYEAR",
		"GID": "1338879625",
		"Spreadsheet Name": "Doc_Entries",
		"Column": "E",
		"Column Name": "Earliest Year"
	},
	{
		"Spreadsheet ID": "DOE",
		"JavaScript Name": "EMONTH",
		"GID": "1338879625",
		"Spreadsheet Name": "Doc_Entries",
		"Column": "F",
		"Column Name": "Earliest Month"
	},
	{
		"Spreadsheet ID": "DOE",
		"JavaScript Name": "EDAY",
		"GID": "1338879625",
		"Spreadsheet Name": "Doc_Entries",
		"Column": "G",
		"Column Name": "Earliest Day"
	},
	{
		"Spreadsheet ID": "DOE",
		"JavaScript Name": "LYEAR",
		"GID": "1338879625",
		"Spreadsheet Name": "Doc_Entries",
		"Column": "H",
		"Column Name": "Latest Year"
	},
	{
		"Spreadsheet ID": "DOE",
		"JavaScript Name": "LMONTH",
		"GID": "1338879625",
		"Spreadsheet Name": "Doc_Entries",
		"Column": "I",
		"Column Name": "Latest Month"
	},
	{
		"Spreadsheet ID": "DOE",
		"JavaScript Name": "LDAY",
		"GID": "1338879625",
		"Spreadsheet Name": "Doc_Entries",
		"Column": "J",
		"Column Name": "Latest Day"
	},
	{
		"Spreadsheet ID": "DOE",
		"JavaScript Name": "DATERANGE",
		"GID": "1338879625",
		"Spreadsheet Name": "Doc_Entries",
		"Column": "K",
		"Column Name": "Date Range"
	},
	{
		"Spreadsheet ID": "DOE",
		"JavaScript Name": "DINFO",
		"GID": "1338879625",
		"Spreadsheet Name": "Doc_Entries",
		"Column": "L",
		"Column Name": "Description"
	},
	{
		"Spreadsheet ID": "DOE",
		"JavaScript Name": "DOCTYPE",
		"GID": "1338879625",
		"Spreadsheet Name": "Doc_Entries",
		"Column": "M",
		"Column Name": "Document Type"
	},
	{
		"Spreadsheet ID": "DOE",
		"JavaScript Name": "DOCSUBTYPE",
		"GID": "1338879625",
		"Spreadsheet Name": "Doc_Entries",
		"Column": "N",
		"Column Name": "Document Subtype"
	},
	{
		"Spreadsheet ID": "DOE",
		"JavaScript Name": "SEN",
		"GID": "1338879625",
		"Spreadsheet Name": "Doc_Entries",
		"Column": "O",
		"Column Name": "Sender"
	},
	{
		"Spreadsheet ID": "DOE",
		"JavaScript Name": "REC",
		"GID": "1338879625",
		"Spreadsheet Name": "Doc_Entries",
		"Column": "P",
		"Column Name": "Recipient"
	},
	{
		"Spreadsheet ID": "DOE",
		"JavaScript Name": "DOCTEXT",
		"GID": "1338879625",
		"Spreadsheet Name": "Doc_Entries",
		"Column": "Q",
		"Column Name": "Document Entry Text"
	},
	{
		"Spreadsheet ID": "DOE",
		"JavaScript Name": "DOCTRANS",
		"GID": "1338879625",
		"Spreadsheet Name": "Doc_Entries",
		"Column": "R",
		"Column Name": "Translation"
	},
	{
		"Spreadsheet ID": "DOE",
		"JavaScript Name": "DOCTEXTSOURCE",
		"GID": "1338879625",
		"Spreadsheet Name": "Doc_Entries",
		"Column": "S",
		"Column Name": "Transcription Source"
	},
	{
		"Spreadsheet ID": "DOE",
		"JavaScript Name": "DOCTEXTPAGES",
		"GID": "1338879625",
		"Spreadsheet Name": "Doc_Entries",
		"Column": "T",
		"Column Name": "Transcription Source Pages"
	},
	{
		"Spreadsheet ID": "DOE",
		"JavaScript Name": "DOCTRANSSOURCE",
		"GID": "1338879625",
		"Spreadsheet Name": "Doc_Entries",
		"Column": "U",
		"Column Name": "Translation Source"
	},
	{
		"Spreadsheet ID": "DOE",
		"JavaScript Name": "DOCTRANSPAGES",
		"GID": "1338879625",
		"Spreadsheet Name": "Doc_Entries",
		"Column": "V",
		"Column Name": "Translation Source Pages"
	},
	{
		"Spreadsheet ID": "DOE",
		"JavaScript Name": "BIBID",
		"GID": "1338879625",
		"Spreadsheet Name": "Doc_Entries",
		"Column": "W",
		"Column Name": "Bibliography ID (BIB) (if different)"
	},
	{
		"Spreadsheet ID": "DOE",
		"JavaScript Name": "BIBPAGES",
		"GID": "1338879625",
		"Spreadsheet Name": "Doc_Entries",
		"Column": "X",
		"Column Name": "BIB Pages"
	},
	{
		"Spreadsheet ID": "DOE",
		"JavaScript Name": "RELPEOPLE",
		"GID": "1338879625",
		"Spreadsheet Name": "Doc_Entries",
		"Column": "Y",
		"Column Name": "Related People"
	},
	{
		"Spreadsheet ID": "DOE",
		"JavaScript Name": "RELINS",
		"GID": "1338879625",
		"Spreadsheet Name": "Doc_Entries",
		"Column": "Z",
		"Column Name": "Related Institutions"
	},
	{
		"Spreadsheet ID": "DOE",
		"JavaScript Name": "PHOTO",
		"GID": "1338879625",
		"Spreadsheet Name": "Doc_Entries",
		"Column": "AA",
		"Column Name": "Photograph"
	},
	{
		"Spreadsheet ID": "DOE",
		"JavaScript Name": "PHOTOURL",
		"GID": "1338879625",
		"Spreadsheet Name": "Doc_Entries",
		"Column": "AB",
		"Column Name": "Photograph URL"
	},
	{
		"Spreadsheet ID": "DOE",
		"JavaScript Name": "PERM",
		"GID": "1338879625",
		"Spreadsheet Name": "Doc_Entries",
		"Column": "AC",
		"Column Name": "Permisions"
	},
	{
		"Spreadsheet ID": "DOE",
		"GID": "1338879625",
		"Spreadsheet Name": "Doc_Entries",
		"Column": "AD",
		"Column Name": "Notes"
	},
	{
		"Spreadsheet ID": "DOE",
		"GID": "1338879625",
		"Spreadsheet Name": "Doc_Entries",
		"Column": "AE",
		"Column Name": "Input data"
	},
	{
		"Spreadsheet ID": "DOE",
		"GID": "1338879625",
		"Spreadsheet Name": "Doc_Entries",
		"Column": "AF",
		"Column Name": "Date entered"
	},
	{
		"Spreadsheet ID": "DOE",
		"GID": "1338879625",
		"Spreadsheet Name": "Doc_Entries",
		"Column": "AG",
		"Column Name": "Update data"
	},
	{
		"Spreadsheet ID": "DOE",
		"GID": "1338879625",
		"Spreadsheet Name": "Doc_Entries",
		"Column": "AH",
		"Column Name": "Date updated"
	},
	{
		"Spreadsheet ID": "LOC",
		"JavaScript Name": "LOCID",
		"GID": "1472256039",
		"Spreadsheet Name": "Locations",
		"Column": "A",
		"Column Name": "Location ID (LOC)"
	},
	{
		"Spreadsheet ID": "LOC",
		"JavaScript Name": "LOCNAME",
		"GID": "1472256039",
		"Spreadsheet Name": "Locations",
		"Column": "B",
		"Column Name": "Name of Location"
	},
	{
		"Spreadsheet ID": "LOC",
		"JavaScript Name": "CITY",
		"GID": "1472256039",
		"Spreadsheet Name": "Locations",
		"Column": "C",
		"Column Name": "City or Larger Place"
	},
	{
		"Spreadsheet ID": "LOC",
		"JavaScript Name": "COUNTRY",
		"GID": "1472256039",
		"Spreadsheet Name": "Locations",
		"Column": "D",
		"Column Name": "Modern Country"
	},
	{
		"Spreadsheet ID": "LOC",
		"JavaScript Name": "GOOGLEURL",
		"GID": "1472256039",
		"Spreadsheet Name": "Locations",
		"Column": "E",
		"Column Name": "Google URL"
	},
	{
		"Spreadsheet ID": "LOC",
		"JavaScript Name": "COORD",
		"GID": "1472256039",
		"Spreadsheet Name": "Locations",
		"Column": "F",
		"Column Name": "Coordinates"
	},
	{
		"Spreadsheet ID": "LOC",
		"JavaScript Name": "WIKIDATA",
		"GID": "1472256039",
		"Spreadsheet Name": "Locations",
		"Column": "G",
		"Column Name": "Wikidata"
	},
	{
		"Spreadsheet ID": "LOC",
		"JavaScript Name": "ALIAS",
		"GID": "1472256039",
		"Spreadsheet Name": "Locations",
		"Column": "H",
		"Column Name": "Aliases"
	},
	{
		"Spreadsheet ID": "LOC",
		"JavaScript Name": "LINFO",
		"GID": "1472256039",
		"Spreadsheet Name": "Locations",
		"Column": "I",
		"Column Name": "Description"
	},
	{
		"Spreadsheet ID": "LOC",
		"JavaScript Name": "LOCURL",
		"GID": "1472256039",
		"Spreadsheet Name": "Locations",
		"Column": "J",
		"Column Name": "URL"
	},
	{
		"Spreadsheet ID": "LOC",
		"GID": "1472256039",
		"Spreadsheet Name": "Locations",
		"Column": "K",
		"Column Name": "Input data"
	},
	{
		"Spreadsheet ID": "LOC",
		"GID": "1472256039",
		"Spreadsheet Name": "Locations",
		"Column": "L",
		"Column Name": "Date entered"
	},
	{
		"Spreadsheet ID": "LOC",
		"GID": "1472256039",
		"Spreadsheet Name": "Locations",
		"Column": "M",
		"Column Name": "Update data"
	},
	{
		"Spreadsheet ID": "LOC",
		"GID": "1472256039",
		"Spreadsheet Name": "Locations",
		"Column": "N",
		"Column Name": "Date updated"
	},
	{
		"Spreadsheet ID": "BCO",
		"JavaScript Name": "BCOID",
		"GID": "576281292",
		"Spreadsheet Name": "Bio_Composers",
		"Column": "A",
		"Column Name": "Biography Composer (BCO) ID"
	},
	{
		"Spreadsheet ID": "BCO",
		"JavaScript Name": "BCONAME",
		"GID": "576281292",
		"Spreadsheet Name": "Bio_Composers",
		"Column": "B",
		"Column Name": "Composer Name"
	},
	{
		"Spreadsheet ID": "BCO",
		"JavaScript Name": "ALIAS",
		"GID": "576281292",
		"Spreadsheet Name": "Bio_Composers",
		"Column": "C",
		"Column Name": "Alias"
	},
	{
		"Spreadsheet ID": "BCO",
		"JavaScript Name": "BDATE",
		"GID": "576281292",
		"Spreadsheet Name": "Bio_Composers",
		"Column": "D",
		"Column Name": "Birth Date"
	},
	{
		"Spreadsheet ID": "BCO",
		"JavaScript Name": "DDATE",
		"GID": "576281292",
		"Spreadsheet Name": "Bio_Composers",
		"Column": "E",
		"Column Name": "Death Date"
	},
	{
		"Spreadsheet ID": "BCO",
		"JavaScript Name": "BCOINFO",
		"GID": "576281292",
		"Spreadsheet Name": "Bio_Composers",
		"Column": "F",
		"Column Name": "Description"
	},
	{
		"Spreadsheet ID": "BCO",
		"JavaScript Name": "DIAMM",
		"GID": "576281292",
		"Spreadsheet Name": "Bio_Composers",
		"Column": "G",
		"Column Name": "DIAMM Link"
	},
	{
		"Spreadsheet ID": "BCO",
		"JavaScript Name": "RISMURL",
		"GID": "576281292",
		"Spreadsheet Name": "Bio_Composers",
		"Column": "H",
		"Column Name": "RISM Link"
	},
	{
		"Spreadsheet ID": "BCO",
		"JavaScript Name": "ASSID",
		"GID": "576281292",
		"Spreadsheet Name": "Bio_Composers",
		"Column": "I",
		"Column Name": "Associated Person"
	},
	{
		"Spreadsheet ID": "BCO",
		"JavaScript Name": "BIBID",
		"GID": "576281292",
		"Spreadsheet Name": "Bio_Composers",
		"Column": "J",
		"Column Name": "Bibliography (BIB) ID"
	},
	{
		"Spreadsheet ID": "BCO",
		"JavaScript Name": "BIBPAGES",
		"GID": "576281292",
		"Spreadsheet Name": "Bio_Composers",
		"Column": "K",
		"Column Name": "BIB Pages"
	},
	{
		"Spreadsheet ID": "BCO",
		"GID": "576281292",
		"Spreadsheet Name": "Bio_Composers",
		"Column": "L",
		"Column Name": "Internal notes"
	},
	{
		"Spreadsheet ID": "BCO",
		"GID": "576281292",
		"Spreadsheet Name": "Bio_Composers",
		"Column": "M",
		"Column Name": "Input data"
	},
	{
		"Spreadsheet ID": "BCO",
		"GID": "576281292",
		"Spreadsheet Name": "Bio_Composers",
		"Column": "N",
		"Column Name": "Date entered"
	},
	{
		"Spreadsheet ID": "BCO",
		"GID": "576281292",
		"Spreadsheet Name": "Bio_Composers",
		"Column": "O",
		"Column Name": "Update data"
	},
	{
		"Spreadsheet ID": "BCO",
		"GID": "576281292",
		"Spreadsheet Name": "Bio_Composers",
		"Column": "P",
		"Column Name": "Date updated"
	},
	{
		"Spreadsheet ID": "INS",
		"JavaScript Name": "INSID",
		"GID": "844808436",
		"Spreadsheet Name": "Institutions",
		"Column": "A",
		"Column Name": "Institution ID (INS)"
	},
	{
		"Spreadsheet ID": "INS",
		"JavaScript Name": "INSNAME",
		"GID": "844808436",
		"Spreadsheet Name": "Institutions",
		"Column": "B",
		"Column Name": "Institution Name"
	},
	{
		"Spreadsheet ID": "INS",
		"JavaScript Name": "ALIAS",
		"GID": "844808436",
		"Spreadsheet Name": "Institutions",
		"Column": "C",
		"Column Name": "Alias"
	},
	{
		"Spreadsheet ID": "INS",
		"JavaScript Name": "INSTYPE",
		"GID": "844808436",
		"Spreadsheet Name": "Institutions",
		"Column": "D",
		"Column Name": "Institution Type"
	},
	{
		"Spreadsheet ID": "INS",
		"JavaScript Name": "INSINFO",
		"GID": "844808436",
		"Spreadsheet Name": "Institutions",
		"Column": "E",
		"Column Name": "Institution Description"
	},
	{
		"Spreadsheet ID": "INS",
		"JavaScript Name": "BIBID",
		"GID": "844808436",
		"Spreadsheet Name": "Institutions",
		"Column": "F",
		"Column Name": "Bibliography ID (BIB)"
	},
	{
		"Spreadsheet ID": "INS",
		"JavaScript Name": "BIBPAGES",
		"GID": "844808436",
		"Spreadsheet Name": "Institutions",
		"Column": "G",
		"Column Name": "BIB Pages"
	},
	{
		"Spreadsheet ID": "BMU",
		"JavaScript Name": "BMUID",
		"GID": "50716405",
		"Spreadsheet Name": "Bio_Musicians",
		"Column": "A",
		"Column Name": "Biography Musician (BMU) ID"
	},
	{
		"Spreadsheet ID": "BMU",
		"JavaScript Name": "BMUNAME",
		"GID": "50716405",
		"Spreadsheet Name": "Bio_Musicians",
		"Column": "B",
		"Column Name": "Musician Name"
	},
	{
		"Spreadsheet ID": "BMU",
		"JavaScript Name": "ALIAS",
		"GID": "50716405",
		"Spreadsheet Name": "Bio_Musicians",
		"Column": "C",
		"Column Name": "Alias"
	},
	{
		"Spreadsheet ID": "BMU",
		"JavaScript Name": "BDATE",
		"GID": "50716405",
		"Spreadsheet Name": "Bio_Musicians",
		"Column": "D",
		"Column Name": "Birth Date"
	},
	{
		"Spreadsheet ID": "BMU",
		"JavaScript Name": "DDATE",
		"GID": "50716405",
		"Spreadsheet Name": "Bio_Musicians",
		"Column": "E",
		"Column Name": "Death Date"
	},
	{
		"Spreadsheet ID": "BMU",
		"JavaScript Name": "BMUINFO",
		"GID": "50716405",
		"Spreadsheet Name": "Bio_Musicians",
		"Column": "F",
		"Column Name": "Description"
	},
	{
		"Spreadsheet ID": "BMU",
		"JavaScript Name": "BIBID",
		"GID": "50716405",
		"Spreadsheet Name": "Bio_Musicians",
		"Column": "G",
		"Column Name": "Bibliography ID (BIB)"
	},
	{
		"Spreadsheet ID": "BMU",
		"JavaScript Name": "BIBPAGES",
		"GID": "50716405",
		"Spreadsheet Name": "Bio_Musicians",
		"Column": "H",
		"Column Name": "BIB Pages"
	},
	{
		"Spreadsheet ID": "BMU",
		"GID": "50716405",
		"Spreadsheet Name": "Bio_Musicians",
		"Column": "I",
		"Column Name": "Internal notes"
	},
	{
		"Spreadsheet ID": "BMU",
		"GID": "50716405",
		"Spreadsheet Name": "Bio_Musicians",
		"Column": "J",
		"Column Name": "Input data"
	},
	{
		"Spreadsheet ID": "BMU",
		"GID": "50716405",
		"Spreadsheet Name": "Bio_Musicians",
		"Column": "K",
		"Column Name": "Date entered"
	},
	{
		"Spreadsheet ID": "BMU",
		"GID": "50716405",
		"Spreadsheet Name": "Bio_Musicians",
		"Column": "L",
		"Column Name": "Update data"
	},
	{
		"Spreadsheet ID": "BMU",
		"GID": "50716405",
		"Spreadsheet Name": "Bio_Musicians",
		"Column": "M",
		"Column Name": "Date updated"
	},
	{
		"Spreadsheet ID": "BNO",
		"JavaScript Name": "BNOID",
		"GID": "1177910087",
		"Spreadsheet Name": "Bio_Nonmusicians",
		"Column": "A",
		"Column Name": "Biography Non-Musician (BNO) ID"
	},
	{
		"Spreadsheet ID": "BNO",
		"JavaScript Name": "BNONAME",
		"GID": "1177910087",
		"Spreadsheet Name": "Bio_Nonmusicians",
		"Column": "B",
		"Column Name": "Person Name"
	},
	{
		"Spreadsheet ID": "BNO",
		"JavaScript Name": "ALIAS",
		"GID": "1177910087",
		"Spreadsheet Name": "Bio_Nonmusicians",
		"Column": "C",
		"Column Name": "Alias"
	},
	{
		"Spreadsheet ID": "BNO",
		"JavaScript Name": "BDATE",
		"GID": "1177910087",
		"Spreadsheet Name": "Bio_Nonmusicians",
		"Column": "D",
		"Column Name": "Birth Date"
	},
	{
		"Spreadsheet ID": "BNO",
		"JavaScript Name": "DDATE",
		"GID": "1177910087",
		"Spreadsheet Name": "Bio_Nonmusicians",
		"Column": "E",
		"Column Name": "Death Date"
	},
	{
		"Spreadsheet ID": "BNO",
		"JavaScript Name": "POS",
		"GID": "1177910087",
		"Spreadsheet Name": "Bio_Nonmusicians",
		"Column": "F",
		"Column Name": "Noted Positions"
	},
	{
		"Spreadsheet ID": "BNO",
		"JavaScript Name": "BNOINFO",
		"GID": "1177910087",
		"Spreadsheet Name": "Bio_Nonmusicians",
		"Column": "G",
		"Column Name": "Description"
	},
	{
		"Spreadsheet ID": "BNO",
		"JavaScript Name": "BNOLABS",
		"GID": "1177910087",
		"Spreadsheet Name": "Bio_Nonmusicians",
		"Column": "H",
		"Column Name": "Labels"
	},
	{
		"Spreadsheet ID": "BNO",
		"JavaScript Name": "BIBID",
		"GID": "1177910087",
		"Spreadsheet Name": "Bio_Nonmusicians",
		"Column": "I",
		"Column Name": "Bibliography ID (BIB)"
	},
	{
		"Spreadsheet ID": "BNO",
		"JavaScript Name": "BIBPAGES",
		"GID": "1177910087",
		"Spreadsheet Name": "Bio_Nonmusicians",
		"Column": "J",
		"Column Name": "BIB Pages"
	},
	{
		"Spreadsheet ID": "BNO",
		"GID": "1177910087",
		"Spreadsheet Name": "Bio_Nonmusicians",
		"Column": "K",
		"Column Name": "Internal notes"
	},
	{
		"Spreadsheet ID": "BNO",
		"GID": "1177910087",
		"Spreadsheet Name": "Bio_Nonmusicians",
		"Column": "L",
		"Column Name": "Input data"
	},
	{
		"Spreadsheet ID": "BNO",
		"GID": "1177910087",
		"Spreadsheet Name": "Bio_Nonmusicians",
		"Column": "M",
		"Column Name": "Date entered"
	},
	{
		"Spreadsheet ID": "BNO",
		"GID": "1177910087",
		"Spreadsheet Name": "Bio_Nonmusicians",
		"Column": "N",
		"Column Name": "Update data"
	},
	{
		"Spreadsheet ID": "BNO",
		"GID": "1177910087",
		"Spreadsheet Name": "Bio_Nonmusicians",
		"Column": "O",
		"Column Name": "Date updated"
	},
	{
		"Spreadsheet ID": "ARD",
		"JavaScript Name": "ARDID",
		"GID": "1869779751",
		"Spreadsheet Name": "Archival_Docs",
		"Column": "A",
		"Column Name": "Archival Document (ARD) ID"
	},
	{
		"Spreadsheet ID": "ARD",
		"JavaScript Name": "LOCID",
		"GID": "1869779751",
		"Spreadsheet Name": "Archival_Docs",
		"Column": "B",
		"Column Name": "Location ID (LOC)"
	},
	{
		"Spreadsheet ID": "ARD",
		"JavaScript Name": "ARC",
		"GID": "1869779751",
		"Spreadsheet Name": "Archival_Docs",
		"Column": "C",
		"Column Name": "Archive"
	},
	{
		"Spreadsheet ID": "ARD",
		"JavaScript Name": "ARCFOND",
		"GID": "1869779751",
		"Spreadsheet Name": "Archival_Docs",
		"Column": "D",
		"Column Name": "Archival Fond"
	},
	{
		"Spreadsheet ID": "ARD",
		"JavaScript Name": "SIG",
		"GID": "1869779751",
		"Spreadsheet Name": "Archival_Docs",
		"Column": "E",
		"Column Name": "Signature"
	},
	{
		"Spreadsheet ID": "ARD",
		"JavaScript Name": "AINFO",
		"GID": "1869779751",
		"Spreadsheet Name": "Archival_Docs",
		"Column": "F",
		"Column Name": "Description"
	},
	{
		"Spreadsheet ID": "ARD",
		"GID": "1869779751",
		"Spreadsheet Name": "Archival_Docs",
		"Column": "G",
		"Column Name": "Input data"
	},
	{
		"Spreadsheet ID": "ARD",
		"GID": "1869779751",
		"Spreadsheet Name": "Archival_Docs",
		"Column": "H",
		"Column Name": "Date entered"
	},
	{
		"Spreadsheet ID": "ARD",
		"GID": "1869779751",
		"Spreadsheet Name": "Archival_Docs",
		"Column": "I",
		"Column Name": "Update data"
	},
	{
		"Spreadsheet ID": "ARD",
		"GID": "1869779751",
		"Spreadsheet Name": "Archival_Docs",
		"Column": "J",
		"Column Name": "Date updated"
	},
	{
		"Spreadsheet ID": "BIB",
		"JavaScript Name": "BIBID",
		"GID": "1074180020",
		"Spreadsheet Name": "Bibliography",
		"Column": "A",
		"Column Name": "Bibliography (BIB) ID"
	},
	{
		"Spreadsheet ID": "BIB",
		"JavaScript Name": "AUTHOR",
		"GID": "1074180020",
		"Spreadsheet Name": "Bibliography",
		"Column": "B",
		"Column Name": "Author"
	},
	{
		"Spreadsheet ID": "BIB",
		"JavaScript Name": "ARTNAME",
		"GID": "1074180020",
		"Spreadsheet Name": "Bibliography",
		"Column": "C",
		"Column Name": "Name of Article"
	},
	{
		"Spreadsheet ID": "BIB",
		"JavaScript Name": "VOLNAME",
		"GID": "1074180020",
		"Spreadsheet Name": "Bibliography",
		"Column": "D",
		"Column Name": "Name of Volume/Journal"
	},
	{
		"Spreadsheet ID": "BIB",
		"JavaScript Name": "EDIT",
		"GID": "1074180020",
		"Spreadsheet Name": "Bibliography",
		"Column": "E",
		"Column Name": "Editor"
	},
	{
		"Spreadsheet ID": "BIB",
		"JavaScript Name": "VOLNO",
		"GID": "1074180020",
		"Spreadsheet Name": "Bibliography",
		"Column": "F",
		"Column Name": "Volume"
	},
	{
		"Spreadsheet ID": "BIB",
		"JavaScript Name": "EDITION",
		"GID": "1074180020",
		"Spreadsheet Name": "Bibliography",
		"Column": "G",
		"Column Name": "Edition"
	},
	{
		"Spreadsheet ID": "BIB",
		"JavaScript Name": "SER",
		"GID": "1074180020",
		"Spreadsheet Name": "Bibliography",
		"Column": "H",
		"Column Name": "Series"
	},
	{
		"Spreadsheet ID": "BIB",
		"JavaScript Name": "LOC",
		"GID": "1074180020",
		"Spreadsheet Name": "Bibliography",
		"Column": "I",
		"Column Name": "Location"
	},
	{
		"Spreadsheet ID": "BIB",
		"JavaScript Name": "PUB",
		"GID": "1074180020",
		"Spreadsheet Name": "Bibliography",
		"Column": "J",
		"Column Name": "Publisher"
	},
	{
		"Spreadsheet ID": "BIB",
		"JavaScript Name": "YEAR",
		"GID": "1074180020",
		"Spreadsheet Name": "Bibliography",
		"Column": "K",
		"Column Name": "Publication Year"
	},
	{
		"Spreadsheet ID": "BIB",
		"JavaScript Name": "PAGES",
		"GID": "1074180020",
		"Spreadsheet Name": "Bibliography",
		"Column": "L",
		"Column Name": "Pages"
	},
	{
		"Spreadsheet ID": "BIB",
		"JavaScript Name": "URL",
		"GID": "1074180020",
		"Spreadsheet Name": "Bibliography",
		"Column": "M",
		"Column Name": "URL"
	},
	{
		"Spreadsheet ID": "BIB",
		"GID": "1074180020",
		"Spreadsheet Name": "Bibliography",
		"Column": "N",
		"Column Name": "Notes"
	},
	{
		"Spreadsheet ID": "BIB",
		"GID": "1074180020",
		"Spreadsheet Name": "Bibliography",
		"Column": "O",
		"Column Name": "Input data"
	},
	{
		"Spreadsheet ID": "BIB",
		"GID": "1074180020",
		"Spreadsheet Name": "Bibliography",
		"Column": "P",
		"Column Name": "Date entered"
	},
	{
		"Spreadsheet ID": "BIB",
		"GID": "1074180020",
		"Spreadsheet Name": "Bibliography",
		"Column": "Q",
		"Column Name": "Update data"
	},
	{
		"Spreadsheet ID": "BIB",
		"GID": "1074180020",
		"Spreadsheet Name": "Bibliography",
		"Column": "R",
		"Column Name": "Date updated"
	}
]