[
	{
		"Archival Document (ARD) ID": "ARD:Aix_en_Provence_Archives_Departementales_des_Bouches_du_Rhone_309E290",
		"Location ID (LOC)": "LOC:Aix-en-Provence",
		"Archive": "Archives Départementales des Bouches du Rhone",
		"Input data": "FEM",
		"Date entered": "2024-4-12"
	},
	{
		"Archival Document (ARD) ID": "ARD:Aix_en_Provence_Archives_Departementales_des_Bouches_du_Rhone_B273",
		"Location ID (LOC)": "LOC:Marseille",
		"Archive": "Archives Départementales des Bouches du Rhone",
		"Description": "housed in Marseille",
		"Input data": "FEM",
		"Date entered": "2024-8-18"
	},
	{
		"Archival Document (ARD) ID": "ARD:Bibliotheque_Chartres_MS_1009",
		"Location ID (LOC)": "LOC:Chartres",
		"Archive": "Chartres Library",
		"Archival Fond": "MS",
		"Signature": "1009",
		"Input data": "SMB",
		"Date entered": "2024-6-16"
	},
	{
		"Archival Document (ARD) ID": "ARD:Brussels_Acquits_1579B",
		"Location ID (LOC)": "LOC:Brussels-Archives_Generales_du_Royaume",
		"Archive": "Archives Générales du Royaume",
		"Archival Fond": "Acquits de Lille",
		"Signature": "1579B",
		"Description": "original documents for Brussels_CC_14873",
		"Input data": "LO",
		"Date entered": "2024-2-6"
	},
	{
		"Archival Document (ARD) ID": "ARD:Brussels_Acquits_1579C",
		"Location ID (LOC)": "LOC:Brussels-Archives_Generales_du_Royaume",
		"Archive": "Archives Générales du Royaume",
		"Archival Fond": "Acquits de Lille",
		"Signature": "1579C",
		"Description": "original documents for Brussels_CC_14870 and Brussels_CC_14871",
		"Input data": "LO",
		"Date entered": "2024-2-6"
	},
	{
		"Archival Document (ARD) ID": "ARD:Brussels_CC_14836",
		"Location ID (LOC)": "LOC:Brussels-Archives_Generales_du_Royaume",
		"Archive": "Archives Générales du Royaume",
		"Archival Fond": "CC",
		"Signature": "14836",
		"Description": "police registers from the castellany of Ath",
		"Input data": "LO",
		"Date entered": "2024-1-29"
	},
	{
		"Archival Document (ARD) ID": "ARD:Brussels_CC_14837",
		"Location ID (LOC)": "LOC:Brussels-Archives_Generales_du_Royaume",
		"Archive": "Archives Générales du Royaume",
		"Archival Fond": "CC",
		"Signature": "14837",
		"Description": "police registers from the castellany of Ath",
		"Input data": "LO",
		"Date entered": "2024-1-29"
	},
	{
		"Archival Document (ARD) ID": "ARD:Brussels_CC_14838",
		"Location ID (LOC)": "LOC:Brussels-Archives_Generales_du_Royaume",
		"Archive": "Archives Générales du Royaume",
		"Archival Fond": "CC",
		"Signature": "14838",
		"Description": "police registers from the castellany of Ath",
		"Input data": "LO",
		"Date entered": "2024-1-29"
	},
	{
		"Archival Document (ARD) ID": "ARD:Brussels_CC_14839",
		"Location ID (LOC)": "LOC:Brussels-Archives_Generales_du_Royaume",
		"Archive": "Archives Générales du Royaume",
		"Archival Fond": "CC",
		"Signature": "14839",
		"Description": "police registers from the castellany of Ath",
		"Input data": "LO",
		"Date entered": "2024-1-29"
	},
	{
		"Archival Document (ARD) ID": "ARD:Brussels_CC_14840",
		"Location ID (LOC)": "LOC:Brussels-Archives_Generales_du_Royaume",
		"Archive": "Archives Générales du Royaume",
		"Archival Fond": "CC",
		"Signature": "14840",
		"Description": "police registers from the castellany of Ath",
		"Input data": "LO",
		"Date entered": "2024-1-29"
	},
	{
		"Archival Document (ARD) ID": "ARD:Brussels_CC_14841",
		"Location ID (LOC)": "LOC:Brussels-Archives_Generales_du_Royaume",
		"Archive": "Archives Générales du Royaume",
		"Archival Fond": "CC",
		"Signature": "14841",
		"Description": "police registers from the castellany of Ath",
		"Input data": "LO",
		"Date entered": "2024-1-29"
	},
	{
		"Archival Document (ARD) ID": "ARD:Brussels_CC_14842",
		"Location ID (LOC)": "LOC:Brussels-Archives_Generales_du_Royaume",
		"Archive": "Archives Générales du Royaume",
		"Archival Fond": "CC",
		"Signature": "14842",
		"Description": "police registers from the castellany of Ath",
		"Input data": "LO",
		"Date entered": "2024-1-29"
	},
	{
		"Archival Document (ARD) ID": "ARD:Brussels_CC_14843",
		"Location ID (LOC)": "LOC:Brussels-Archives_Generales_du_Royaume",
		"Archive": "Archives Générales du Royaume",
		"Archival Fond": "CC",
		"Signature": "14843",
		"Description": "police registers from the castellany of Ath",
		"Input data": "LO",
		"Date entered": "2024-1-29"
	},
	{
		"Archival Document (ARD) ID": "ARD:Brussels_CC_14844",
		"Location ID (LOC)": "LOC:Brussels-Archives_Generales_du_Royaume",
		"Archive": "Archives Générales du Royaume",
		"Archival Fond": "CC",
		"Signature": "14844",
		"Description": "police registers from the castellany of Ath",
		"Input data": "LO",
		"Date entered": "2024-1-29"
	},
	{
		"Archival Document (ARD) ID": "ARD:Brussels_CC_14845",
		"Location ID (LOC)": "LOC:Brussels-Archives_Generales_du_Royaume",
		"Archive": "Archives Générales du Royaume",
		"Archival Fond": "CC",
		"Signature": "14845",
		"Description": "police registers from the castellany of Ath",
		"Input data": "LO",
		"Date entered": "2024-1-29"
	},
	{
		"Archival Document (ARD) ID": "ARD:Brussels_CC_14846",
		"Location ID (LOC)": "LOC:Brussels-Archives_Generales_du_Royaume",
		"Archive": "Archives Générales du Royaume",
		"Archival Fond": "CC",
		"Signature": "14846",
		"Description": "police registers from the castellany of Ath",
		"Input data": "LO",
		"Date entered": "2024-1-29"
	},
	{
		"Archival Document (ARD) ID": "ARD:Brussels_CC_14847",
		"Location ID (LOC)": "LOC:Brussels-Archives_Generales_du_Royaume",
		"Archive": "Archives Générales du Royaume",
		"Archival Fond": "CC",
		"Signature": "14847",
		"Description": "police registers from the castellany of Ath",
		"Input data": "LO",
		"Date entered": "2024-1-29"
	},
	{
		"Archival Document (ARD) ID": "ARD:Brussels_CC_14848",
		"Location ID (LOC)": "LOC:Brussels-Archives_Generales_du_Royaume",
		"Archive": "Archives Générales du Royaume",
		"Archival Fond": "CC",
		"Signature": "14848",
		"Description": "police registers from the castellany of Ath",
		"Input data": "LO",
		"Date entered": "2024-1-29"
	},
	{
		"Archival Document (ARD) ID": "ARD:Brussels_CC_14849",
		"Location ID (LOC)": "LOC:Brussels-Archives_Generales_du_Royaume",
		"Archive": "Archives Générales du Royaume",
		"Archival Fond": "CC",
		"Signature": "14849",
		"Description": "police registers from the castellany of Ath",
		"Input data": "LO",
		"Date entered": "2024-1-29"
	},
	{
		"Archival Document (ARD) ID": "ARD:Brussels_CC_14850",
		"Location ID (LOC)": "LOC:Brussels-Archives_Generales_du_Royaume",
		"Archive": "Archives Générales du Royaume",
		"Archival Fond": "CC",
		"Signature": "14850",
		"Description": "police registers from the castellany of Ath",
		"Input data": "LO",
		"Date entered": "2024-1-29"
	},
	{
		"Archival Document (ARD) ID": "ARD:Brussels_CC_14851",
		"Location ID (LOC)": "LOC:Brussels-Archives_Generales_du_Royaume",
		"Archive": "Archives Générales du Royaume",
		"Archival Fond": "CC",
		"Signature": "14851",
		"Description": "police registers from the castellany of Ath",
		"Input data": "LO",
		"Date entered": "2024-1-29"
	},
	{
		"Archival Document (ARD) ID": "ARD:Brussels_CC_14855",
		"Location ID (LOC)": "LOC:Brussels-Archives_Generales_du_Royaume",
		"Archive": "Archives Générales du Royaume",
		"Archival Fond": "CC",
		"Signature": "14855",
		"Description": "police registers from the castellany of Ath",
		"Input data": "LO",
		"Date entered": "2024-1-29"
	},
	{
		"Archival Document (ARD) ID": "ARD:Brussels_CC_14856",
		"Location ID (LOC)": "LOC:Brussels-Archives_Generales_du_Royaume",
		"Archive": "Archives Générales du Royaume",
		"Archival Fond": "CC",
		"Signature": "14856",
		"Description": "police registers from the castellany of Ath",
		"Input data": "LO",
		"Date entered": "2024-1-29"
	},
	{
		"Archival Document (ARD) ID": "ARD:Brussels_CC_14857",
		"Location ID (LOC)": "LOC:Brussels-Archives_Generales_du_Royaume",
		"Archive": "Archives Générales du Royaume",
		"Archival Fond": "CC",
		"Signature": "14857",
		"Description": "police registers from the castellany of Ath",
		"Input data": "LO",
		"Date entered": "2024-1-29"
	},
	{
		"Archival Document (ARD) ID": "ARD:Brussels_CC_14858",
		"Location ID (LOC)": "LOC:Brussels-Archives_Generales_du_Royaume",
		"Archive": "Archives Générales du Royaume",
		"Archival Fond": "CC",
		"Signature": "14858",
		"Description": "police registers from the castellany of Ath",
		"Input data": "LO",
		"Date entered": "2024-1-29"
	},
	{
		"Archival Document (ARD) ID": "ARD:Brussels_CC_14859",
		"Location ID (LOC)": "LOC:Brussels-Archives_Generales_du_Royaume",
		"Archive": "Archives Générales du Royaume",
		"Archival Fond": "CC",
		"Signature": "14859",
		"Description": "police registers from the castellany of Ath",
		"Input data": "LO",
		"Date entered": "2024-1-29"
	},
	{
		"Archival Document (ARD) ID": "ARD:Brussels_CC_14860",
		"Location ID (LOC)": "LOC:Brussels-Archives_Generales_du_Royaume",
		"Archive": "Archives Générales du Royaume",
		"Archival Fond": "CC",
		"Signature": "14860",
		"Description": "police registers from the castellany of Ath",
		"Input data": "LO",
		"Date entered": "2024-1-29"
	},
	{
		"Archival Document (ARD) ID": "ARD:Brussels_CC_14861",
		"Location ID (LOC)": "LOC:Brussels-Archives_Generales_du_Royaume",
		"Archive": "Archives Générales du Royaume",
		"Archival Fond": "CC",
		"Signature": "14861",
		"Description": "police registers from the castellany of Ath",
		"Input data": "LO",
		"Date entered": "2024-1-29"
	},
	{
		"Archival Document (ARD) ID": "ARD:Brussels_CC_14862",
		"Location ID (LOC)": "LOC:Brussels-Archives_Generales_du_Royaume",
		"Archive": "Archives Générales du Royaume",
		"Archival Fond": "CC",
		"Signature": "14862",
		"Description": "police registers from the castellany of Ath",
		"Input data": "LO",
		"Date entered": "2024-2-5"
	},
	{
		"Archival Document (ARD) ID": "ARD:Brussels_CC_14863",
		"Location ID (LOC)": "LOC:Brussels-Archives_Generales_du_Royaume",
		"Archive": "Archives Générales du Royaume",
		"Archival Fond": "CC",
		"Signature": "14863",
		"Description": "police registers from the castellany of Ath",
		"Input data": "LO",
		"Date entered": "2024-2-5"
	},
	{
		"Archival Document (ARD) ID": "ARD:Brussels_CC_14864",
		"Location ID (LOC)": "LOC:Brussels-Archives_Generales_du_Royaume",
		"Archive": "Archives Générales du Royaume",
		"Archival Fond": "CC",
		"Signature": "14864",
		"Description": "police registers from the castellany of Ath",
		"Input data": "LO",
		"Date entered": "2024-2-5"
	},
	{
		"Archival Document (ARD) ID": "ARD:Brussels_CC_14866",
		"Location ID (LOC)": "LOC:Brussels-Archives_Generales_du_Royaume",
		"Archive": "Archives Générales du Royaume",
		"Archival Fond": "CC",
		"Signature": "14866",
		"Description": "police registers from the castellany of Ath",
		"Input data": "LO",
		"Date entered": "2024-2-5"
	},
	{
		"Archival Document (ARD) ID": "ARD:Brussels_CC_14867",
		"Location ID (LOC)": "LOC:Brussels-Archives_Generales_du_Royaume",
		"Archive": "Archives Générales du Royaume",
		"Archival Fond": "CC",
		"Signature": "14867",
		"Description": "police registers from the castellany of Ath",
		"Input data": "LO",
		"Date entered": "2024-2-5"
	},
	{
		"Archival Document (ARD) ID": "ARD:Brussels_CC_14870",
		"Location ID (LOC)": "LOC:Brussels-Archives_Generales_du_Royaume",
		"Archive": "Archives Générales du Royaume",
		"Archival Fond": "CC",
		"Signature": "14870",
		"Description": "police registers from the castellany of Ath; duplicate of Brussels_Acquits_1579C",
		"Input data": "LO",
		"Date entered": "2024-2-5"
	},
	{
		"Archival Document (ARD) ID": "ARD:Brussels_CC_14871",
		"Location ID (LOC)": "LOC:Brussels-Archives_Generales_du_Royaume",
		"Archive": "Archives Générales du Royaume",
		"Archival Fond": "CC",
		"Signature": "14871",
		"Description": "police registers from the castellany of Ath; duplicate of Brussels_Acquits_1579C",
		"Input data": "LO",
		"Date entered": "2024-2-5"
	},
	{
		"Archival Document (ARD) ID": "ARD:Brussels_CC_14872",
		"Location ID (LOC)": "LOC:Brussels-Archives_Generales_du_Royaume",
		"Archive": "Archives Générales du Royaume",
		"Archival Fond": "CC",
		"Signature": "14872",
		"Description": "police registers from the castellany of Ath",
		"Input data": "LO",
		"Date entered": "2024-2-5"
	},
	{
		"Archival Document (ARD) ID": "ARD:Brussels_CC_14873",
		"Location ID (LOC)": "LOC:Brussels-Archives_Generales_du_Royaume",
		"Archive": "Archives Générales du Royaume",
		"Archival Fond": "CC",
		"Signature": "14873",
		"Description": "police registers from the castellany of Ath; duplicate of Brussels_Acquits_1579B",
		"Input data": "LO",
		"Date entered": "2024-2-5"
	},
	{
		"Archival Document (ARD) ID": "ARD:Brussels_CC_14874",
		"Location ID (LOC)": "LOC:Brussels-Archives_Generales_du_Royaume",
		"Archive": "Archives Générales du Royaume",
		"Archival Fond": "CC",
		"Signature": "14874",
		"Description": "police registers from the castellany of Ath",
		"Input data": "LO",
		"Date entered": "2024-2-5"
	},
	{
		"Archival Document (ARD) ID": "ARD:Chambery_Archivio_Dipartimentale_della_Savoia_124",
		"Location ID (LOC)": "LOC:Turin",
		"Archive": "Archivio di Stato di Torino",
		"Archival Fond": "Fonds retrocedes de Turin",
		"Signature": "Inv. 124, SA. 3625",
		"Input data": "SMB",
		"Date entered": "2024-6-8"
	},
	{
		"Archival Document (ARD) ID": "ARD:Conde_FF_69",
		"Location ID (LOC)": "LOC:Condé_sur_lEscaut,_Archives_Communales",
		"Archive": "Archives Communales",
		"Archival Fond": "FF",
		"Signature": "69 (piece 11)",
		"Input data": "FEM",
		"Date entered": "2023-6-7"
	},
	{
		"Archival Document (ARD) ID": "ARD:Ferrara_Salvetti_52",
		"Location ID (LOC)": "LOC:Ferrara-Archivio_Storico_Diocesano",
		"Archive": "Archivio Diocesano",
		"Archival Fond": "Notary Bernadino Salvetti",
		"Signature": "documents 52 and 53",
		"Input data": "BSO",
		"Date entered": "2023-3-21"
	},
	{
		"Archival Document (ARD) ID": "ARD:Florence_Archepiscopate_VIII_I",
		"Location ID (LOC)": "LOC:Florence",
		"Archive": "Archivio dell’Opera dell’Arciospitale di Santa Maria del Fiore",
		"Archival Fond": "Quaderni di cassa",
		"Signature": "VIII, I",
		"Input data": "SMB",
		"Date entered": "2024-6-21"
	},
	{
		"Archival Document (ARD) ID": "ARD:Florence_Biblioteca_Nazionale_Galileana_1",
		"Location ID (LOC)": "LOC:Florence",
		"Archive": "Biblioteca Nazionale Centrale di Firenze",
		"Archival Fond": "Galileana",
		"Signature": "1",
		"Input data": "SMB",
		"Date entered": "2024-6-16"
	},
	{
		"Archival Document (ARD) ID": "ARD:Florence_MAP_104",
		"Location ID (LOC)": "LOC:Florence-Archivio_di_Stato",
		"Archive": "Archivio di Stato di Firenze",
		"Archival Fond": "Medici avanti il Principato",
		"Signature": "104",
		"Input data": "SMB",
		"Date entered": "2024-6-29"
	},
	{
		"Archival Document (ARD) ID": "ARD:Florence_Mediceo_43",
		"Location ID (LOC)": "LOC:Florence-Archivio_di_Stato",
		"Archive": "Archivio di Stato di Firenze",
		"Archival Fond": "Archivio Mediceo avanti il Principato",
		"Signature": "filza 67, letter 43",
		"Input data": "BSO",
		"Date entered": "2024-3-17"
	},
	{
		"Archival Document (ARD) ID": "ARD:Florence_SM_1",
		"Location ID (LOC)": "LOC:Florence",
		"Archive": "Archivio dell'Opera di Santa Maria del Fiore",
		"Archival Fond": "Quaderni Cassa",
		"Signature": "VIII, 1",
		"Input data": "SMB",
		"Date entered": "2024-7-25"
	},
	{
		"Archival Document (ARD) ID": "ARD:Ghent_K5239",
		"Location ID (LOC)": "LOC:Ghent-Rijksarchief",
		"Archive": "Rijksarchief te Gent",
		"Archival Fond": "Archive of the diocese of Ghent",
		"Signature": "annual accounts of the 'Gilde van OLV-op-de-rade' in the church of St. John, K 5239 (1514-1529)",
		"Input data": "BSO",
		"Date entered": "2024-3-16"
	},
	{
		"Archival Document (ARD) ID": "ARD:Innsbruck_Hof_1497",
		"Location ID (LOC)": "LOC:Innsbruck",
		"Archive": "Landesregierungsarchiv",
		"Archival Fond": "Geschäft von Hof",
		"Signature": "1497",
		"Input data": "SMB",
		"Date entered": "2024-6-21"
	},
	{
		"Archival Document (ARD) ID": "ARD:Innsbruck_RB_1484",
		"Location ID (LOC)": "LOC:Innsbruck",
		"Archive": "Landesregierungsarchiv",
		"Archival Fond": "Raitbuch",
		"Signature": "1484",
		"Input data": "SMB",
		"Date entered": "2024-6-27"
	},
	{
		"Archival Document (ARD) ID": "ARD:Kortrijk_RtK_Onze_169",
		"Location ID (LOC)": "LOC:Kortrijk",
		"Archive": "Rijksarchief te Kortrijk",
		"Archival Fond": "Onze-Lieve-Vrouwekerk",
		"Signature": "169",
		"Input data": "SMB",
		"Date entered": "2024-7-28"
	},
	{
		"Archival Document (ARD) ID": "ARD:Lille_7G_2414",
		"Location ID (LOC)": "LOC:Lille-Archives_Departmentales",
		"Archive": "Archivio Diocesano",
		"Archival Fond": "7G",
		"Signature": "2424 (fasc. 1465-66)",
		"Input data": "FEM",
		"Date entered": "2023-6-7"
	},
	{
		"Archival Document (ARD) ID": "ARD:Lille_7G_2416",
		"Location ID (LOC)": "LOC:Lille-Archives_Departmentales",
		"Archive": "Archives Départementales du Nord",
		"Archival Fond": "7G",
		"Signature": "2416 (fasc. 1494-5)",
		"Input data": "BSO",
		"Date entered": "2023-3-21"
	},
	{
		"Archival Document (ARD) ID": "ARD:Lille_ADN_2152",
		"Location ID (LOC)": "LOC:Lille-Archives_Departmentales",
		"Archive": "Archives Départementales du Nord",
		"Archival Fond": "B",
		"Signature": "2152",
		"Input data": "SMB",
		"Date entered": "2024-7-26"
	},
	{
		"Archival Document (ARD) ID": "ARD:Mechelen_stadsrekeningen_186",
		"Location ID (LOC)": "LOC:Mechelen-Stadsarchief",
		"Archive": "Stadtarchief Mechelen",
		"Archival Fond": "stad, Oud archief, B",
		"Signature": "stadsrekeningen Serie I nr. 186",
		"Input data": "BSO",
		"Date entered": "2024-3-16"
	},
	{
		"Archival Document (ARD) ID": "ARD:Merkley_2000",
		"Archive": "Merkley Private Collection",
		"Description": "archival document(s) held by Lora L. Matthews and Paul A. Merkley, included in their [Unpublished AMS paper], AMS Toronto 2000",
		"Input data": "FEM",
		"Date entered": "2023-6-7"
	},
	{
		"Archival Document (ARD) ID": "ARD:Modena_Cavalieri_1500",
		"Location ID (LOC)": "LOC:Modena-Archivio_di_Stato",
		"Archive": "Archivio di Stato di Modena",
		"Archival Fond": "Arch. Segr. Estense, Cancelleria, Estero, Ambasciatori, Francia, B. 3",
		"Signature": "Filza IX minute di Lettere a Bartolomeo Cavalieri, 1500–1505",
		"Input data": "BSO",
		"Date entered": "2023-3-21"
	},
	{
		"Archival Document (ARD) ID": "ARD:Modena_Dispacci_3",
		"Location ID (LOC)": "LOC:Modena-Archivio_di_Stato",
		"Archive": "Archivio di Stato di Modena",
		"Archival Fond": "Dispacci de la Francia",
		"Signature": "B. 3",
		"Input data": "SMB",
		"Date entered": "2024-7-19"
	},
	{
		"Archival Document (ARD) ID": "ARD:Modena_Ducale_1503",
		"Location ID (LOC)": "LOC:Modena-Archivio_di_Stato",
		"Archive": "Archivio di Stato di Modena",
		"Archival Fond": "Archivio della Camera Ducale",
		"Signature": "Memoriale del Soldo 1503 (= Reg. 4908/97)",
		"Input data": "BSO",
		"Date entered": "2023-3-21"
	},
	{
		"Archival Document (ARD) ID": "ARD:Modena_Ducale_1504",
		"Location ID (LOC)": "LOC:Modena-Archivio_di_Stato",
		"Archive": "Archivio di Stato di Modena",
		"Archival Fond": "Archivio della Camera Ducale",
		"Signature": "Memoriale del Soldo 1504 (= Reg. 4910/97)",
		"Input data": "BSO",
		"Date entered": "2023-3-21"
	},
	{
		"Archival Document (ARD) ID": "ARD:Modena_Ducale_46",
		"Location ID (LOC)": "LOC:Modena-Archivio_di_Stato",
		"Archive": "Archivio di Stato di Modena",
		"Archival Fond": "Archivio della Camera Ducale",
		"Signature": "Libri d'Amministrazione dei Singoli Principi, No. 46 (= Reg. 6715/130)",
		"Input data": "BSO",
		"Date entered": "2023-3-21"
	},
	{
		"Archival Document (ARD) ID": "ARD:Modena_Estense_13",
		"Location ID (LOC)": "LOC:Modena-Archivio_di_Stato",
		"Archive": "Archivio di Stato di Modena",
		"Archival Fond": "Archivio segreto estense",
		"Signature": "Cancelleria, Estero, Ambasciatori, Francia, B. 13, Filza 75",
		"Input data": "BSO",
		"Date entered": "2024-2-11"
	},
	{
		"Archival Document (ARD) ID": "ARD:Modena_Estense_23",
		"Location ID (LOC)": "LOC:Modena-Archivio_di_Stato",
		"Archive": "Archivio di Stato di Modena",
		"Archival Fond": "Archivio segreto estense",
		"Signature": "Cancelleria, Estero, Ambasciatori, Roma, B. 23",
		"Input data": "BSO",
		"Date entered": "2024-2-14"
	},
	{
		"Archival Document (ARD) ID": "ARD:Modena_Estense_24",
		"Location ID (LOC)": "LOC:Modena-Archivio_di_Stato",
		"Archive": "Archivio di Stato di Modena",
		"Archival Fond": "Archivio segreto estense",
		"Signature": "Cancelleria, Estero, Ambasciatori, Roma, B. 24, Filza 160",
		"Input data": "BSO",
		"Date entered": "2024-2-28"
	},
	{
		"Archival Document (ARD) ID": "ARD:Modena_Estense_5",
		"Location ID (LOC)": "LOC:Modena-Archivio_di_Stato",
		"Archive": "Archivio di Stato di Modena",
		"Archival Fond": "Archivio segreto estense",
		"Signature": "Cancelleria, Estero, Ambasciatori, Francia, B. 5, Filza 65",
		"Input data": "BSO",
		"Date entered": "2024-2-11"
	},
	{
		"Archival Document (ARD) ID": "ARD:Modena_Estense_6",
		"Location ID (LOC)": "LOC:Modena-Archivio_di_Stato",
		"Archive": "Archivio di Stato di Modena",
		"Archival Fond": "Archivio segreto estense",
		"Signature": "Cancelleria, Estero, Ambasciatori, Francia, B. 6",
		"Input data": "BSO",
		"Date entered": "2024-2-12"
	},
	{
		"Archival Document (ARD) ID": "ARD:Modena_MS_1506",
		"Location ID (LOC)": "LOC:Modena-Archivio_di_Stato",
		"Archive": "Archivio di Stato Modena",
		"Archival Fond": "MS",
		"Signature": "1506",
		"Input data": "SMB",
		"Date entered": "2024-6-19"
	},
	{
		"Archival Document (ARD) ID": "ARD:Modena_MS_1509",
		"Location ID (LOC)": "LOC:Modena-Archivio_di_Stato",
		"Archive": "Archivio di Stato Modena",
		"Archival Fond": "MS",
		"Signature": "1509",
		"Input data": "SMB",
		"Date entered": "2024-6-19"
	},
	{
		"Archival Document (ARD) ID": "ARD:Modena_MS_1510",
		"Location ID (LOC)": "LOC:Modena-Archivio_di_Stato",
		"Archive": "Archivio di Stato Modena",
		"Archival Fond": "MS",
		"Signature": "1510",
		"Input data": "SMB",
		"Date entered": "2024-6-19"
	},
	{
		"Archival Document (ARD) ID": "ARD:Modena_MS_Busta",
		"Location ID (LOC)": "LOC:Modena-Archivio_di_Stato",
		"Archive": "Archivio di Stato Modena",
		"Archival Fond": "Busta",
		"Signature": "I",
		"Input data": "SMB",
		"Date entered": "2024-8-16"
	},
	{
		"Archival Document (ARD) ID": "ARD:Modena_Musica_B1",
		"Location ID (LOC)": "LOC:Modena-Archivio_di_Stato",
		"Archive": "Archivio di Stato di Modena",
		"Archival Fond": "Musica e Musicisti",
		"Signature": "B. 1",
		"Input data": "BSO",
		"Date entered": "2023-3-21"
	},
	{
		"Archival Document (ARD) ID": "ARD:Modena_Musica_B2",
		"Location ID (LOC)": "LOC:Modena-Archivio_di_Stato",
		"Archive": "Archivio di Stato di Modena",
		"Archival Fond": "Musica e Musicisti",
		"Signature": "B. 2",
		"Input data": "SMB",
		"Date entered": "2024-7-19"
	},
	{
		"Archival Document (ARD) ID": "ARD:Modena_Particolari_Bidone",
		"Location ID (LOC)": "LOC:Modena-Archivio_di_Stato",
		"Archive": "Archivio di Stato di Modena",
		"Archival Fond": "Particolari",
		"Signature": "Bidone'",
		"Input data": "BSO",
		"Date entered": "2023-5-19"
	},
	{
		"Archival Document (ARD) ID": "ARD:Modena_Particolari_Coia",
		"Location ID (LOC)": "LOC:Modena-Archivio_di_Stato",
		"Archive": "Archivio di Stato di Modena",
		"Archival Fond": "Particolari",
		"Signature": "'Coia, Girolamo'",
		"Input data": "BSO",
		"Date entered": "2023-3-21"
	},
	{
		"Archival Document (ARD) ID": "ARD:Modena_Singoli_Alfonso",
		"Location ID (LOC)": "LOC:Modena-Archivio_di_Stato",
		"Archive": "Archivio di Stato di Modena",
		"Archival Fond": "Libri di Amministrazione dei Singoli Principi",
		"Signature": "Alfonso I",
		"Input data": "BSO",
		"Date entered": "2023-3-21"
	},
	{
		"Archival Document (ARD) ID": "ARD:Modena_Venezia_69",
		"Location ID (LOC)": "LOC:Modena-Archivio_di_Stato",
		"Archive": "Archivio di Stato di Modena",
		"Archival Fond": "Arch. Segr. Estense, Cancelleria, Estero, Ambasciatori, Venezia",
		"Signature": "B. II, Doc. 69-V/20",
		"Input data": "BSO",
		"Date entered": "2023-3-21"
	},
	{
		"Archival Document (ARD) ID": "ARD:New_York_Pierpont_4",
		"Location ID (LOC)": "LOC:New_York-Morgan_Library",
		"Archive": "Pierpont Morgan Library",
		"Archival Fond": "Autograph Letters",
		"Signature": "VR/R of F/Box I/Charles VIII/No. 4",
		"Description": "autograph letter from Charles VIII",
		"Input data": "SMB",
		"Date entered": "2024-8-2"
	},
	{
		"Archival Document (ARD) ID": "ARD:Orleans_Loiret_6J22",
		"Location ID (LOC)": "LOC:Orleans-Archives_du_Loiret",
		"Archive": "Archives departementales du Loiret",
		"Archival Fond": "Collection Joursanvault",
		"Signature": "6J22",
		"Input data": "ECZ",
		"Date entered": "2024-2-22"
	},
	{
		"Archival Document (ARD) ID": "ARD:Paris_Archives_Nationales_127",
		"Location ID (LOC)": "LOC:Paris-Notre-Dame",
		"Archive": "Paris Archives Nationales",
		"Archival Fond": "Registres capitulaires médiévaux de Notre-Dame de Paris",
		"Signature": "127",
		"Input data": "SMB",
		"Date entered": "2024-5-29"
	},
	{
		"Archival Document (ARD) ID": "ARD:Paris_Archives_Nationales_128",
		"Location ID (LOC)": "LOC:Paris-Notre-Dame",
		"Archive": "Paris Archives Nationales",
		"Archival Fond": "Registres capitulaires médiévaux de Notre-Dame de Paris",
		"Signature": "128",
		"Input data": "SMB",
		"Date entered": "2024-5-29"
	},
	{
		"Archival Document (ARD) ID": "ARD:Paris_BnF_Dupuy_503",
		"Location ID (LOC)": "LOC:Paris-BNF",
		"Archive": "Bibliothèque nationale de France",
		"Archival Fond": "Dupuy",
		"Signature": "503",
		"Input data": "SMB",
		"Date entered": "2024-7-28"
	},
	{
		"Archival Document (ARD) ID": "ARD:Paris_BNF_francais_2926",
		"Location ID (LOC)": "LOC:Paris-BNF",
		"Archive": "Bibliothèque nationale de France",
		"Archival Fond": "MS francais",
		"Signature": "2926",
		"Input data": "ECZ",
		"Date entered": "2024-2-22"
	},
	{
		"Archival Document (ARD) ID": "ARD:Poitiers_Vienne_G527",
		"Location ID (LOC)": "LOC:Poitiers-Archives_Vienne",
		"Archive": "Archives départementales de la Vienne",
		"Archival Fond": "Actes capitulaires de Saint-Hilaire de Poitiers",
		"Signature": "G527",
		"Input data": "ECZ",
		"Date entered": "2024-2-22"
	},
	{
		"Archival Document (ARD) ID": "ARD:Simancas_AGS_Casa_14",
		"Location ID (LOC)": "LOC:Simancas",
		"Archive": "Archivo general de Simancas",
		"Archival Fond": "Casa y sitios reales",
		"Signature": "14",
		"Input data": "SMB",
		"Date entered": "2024-7-28"
	},
	{
		"Archival Document (ARD) ID": "ARD:Vatican_Libri_Annatarum_17",
		"Location ID (LOC)": "LOC:Vatican-Bibliotheca_Apostolica_Vaticana",
		"Archive": "Vatican Library",
		"Archival Fond": "Libri Annatarum",
		"Signature": "17",
		"Input data": "LO",
		"Date entered": "2024-3-1"
	},
	{
		"Archival Document (ARD) ID": "ARD:Vatican_Registra_Lateranensia_1009",
		"Location ID (LOC)": "LOC:Vatican-Bibliotheca_Apostolica_Vaticana",
		"Archive": "Vatican Library",
		"Archival Fond": "Registra Lateranensia",
		"Signature": "1009",
		"Input data": "LO",
		"Date entered": "2023-5-22"
	},
	{
		"Archival Document (ARD) ID": "ARD:Vatican_Registra_Lateranensia_1013",
		"Location ID (LOC)": "LOC:Vatican-Bibliotheca_Apostolica_Vaticana",
		"Archive": "Vatican Library",
		"Archival Fond": "Registra Lateranensia",
		"Signature": "1013",
		"Input data": "LO",
		"Date entered": "2023-5-22"
	},
	{
		"Archival Document (ARD) ID": "ARD:Vatican_Registra_Lateranensia_1045",
		"Location ID (LOC)": "LOC:Vatican-Bibliotheca_Apostolica_Vaticana",
		"Archive": "Vatican Library",
		"Archival Fond": "Registra Lateranensia",
		"Signature": "1045",
		"Input data": "LO",
		"Date entered": "2023-5-22"
	},
	{
		"Archival Document (ARD) ID": "ARD:Vatican_Registra_Lateranensia_1086",
		"Location ID (LOC)": "LOC:Vatican-Bibliotheca_Apostolica_Vaticana",
		"Archive": "Vatican Library",
		"Archival Fond": "Registra Lateranensia",
		"Signature": "1086",
		"Input data": "LO",
		"Date entered": "2023-5-22"
	},
	{
		"Archival Document (ARD) ID": "ARD:Vatican_Registra_Lateranensia_1098",
		"Location ID (LOC)": "LOC:Vatican-Bibliotheca_Apostolica_Vaticana",
		"Archive": "Vatican Library",
		"Archival Fond": "Registra Lateranensia",
		"Signature": "1098",
		"Input data": "LO",
		"Date entered": "2023-5-22"
	},
	{
		"Archival Document (ARD) ID": "ARD:Vatican_Registra_Lateranensia_1105",
		"Location ID (LOC)": "LOC:Vatican-Bibliotheca_Apostolica_Vaticana",
		"Archive": "Vatican Library",
		"Archival Fond": "Registra Lateranensia",
		"Signature": "1105",
		"Input data": "LO",
		"Date entered": "2023-5-22"
	},
	{
		"Archival Document (ARD) ID": "ARD:Vatican_Registra_Lateranensia_1160",
		"Location ID (LOC)": "LOC:Vatican-Bibliotheca_Apostolica_Vaticana",
		"Archive": "Vatican Library",
		"Archival Fond": "Registra Lateranensia",
		"Signature": "1160",
		"Input data": "LO",
		"Date entered": "2023-5-22"
	},
	{
		"Archival Document (ARD) ID": "ARD:Vatican_Registra_Lateranensia_1171",
		"Location ID (LOC)": "LOC:Vatican-Bibliotheca_Apostolica_Vaticana",
		"Archive": "Vatican Library",
		"Archival Fond": "Registra Lateranensia",
		"Signature": "1171",
		"Input data": "LO",
		"Date entered": "2024-2-17"
	},
	{
		"Archival Document (ARD) ID": "ARD:Vatican_Registra_Lateranensia_1194",
		"Location ID (LOC)": "LOC:Vatican-Bibliotheca_Apostolica_Vaticana",
		"Archive": "Vatican Library",
		"Archival Fond": "Registra Lateranensia",
		"Signature": "1194",
		"Input data": "LO",
		"Date entered": "2023-5-22"
	},
	{
		"Archival Document (ARD) ID": "ARD:Vatican_Registra_Lateranensia_1197",
		"Location ID (LOC)": "LOC:Vatican-Bibliotheca_Apostolica_Vaticana",
		"Archive": "Vatican Library",
		"Archival Fond": "Registra Lateranensia",
		"Signature": "1197",
		"Input data": "LO",
		"Date entered": "2023-5-22"
	},
	{
		"Archival Document (ARD) ID": "ARD:Vatican_Registra_Lateranensia_1206A",
		"Location ID (LOC)": "LOC:Vatican-Bibliotheca_Apostolica_Vaticana",
		"Archive": "Vatican Library",
		"Archival Fond": "Registra Lateranensia",
		"Signature": "1206A",
		"Input data": "LO",
		"Date entered": "2023-5-22"
	},
	{
		"Archival Document (ARD) ID": "ARD:Vatican_Registra_Lateranensia_1239",
		"Location ID (LOC)": "LOC:Vatican-Bibliotheca_Apostolica_Vaticana",
		"Archive": "Vatican Library",
		"Archival Fond": "Registra Lateranensia",
		"Signature": "1239",
		"Input data": "LO",
		"Date entered": "2023-5-22"
	},
	{
		"Archival Document (ARD) ID": "ARD:Vatican_Registra_Lateranensia_1248",
		"Location ID (LOC)": "LOC:Vatican-Bibliotheca_Apostolica_Vaticana",
		"Archive": "Vatican Library",
		"Archival Fond": "Registra Lateranensia",
		"Signature": "1248",
		"Input data": "LO",
		"Date entered": "2023-5-22"
	},
	{
		"Archival Document (ARD) ID": "ARD:Vatican_Registra_Lateranensia_1254",
		"Location ID (LOC)": "LOC:Vatican-Bibliotheca_Apostolica_Vaticana",
		"Archive": "Vatican Library",
		"Archival Fond": "Registra Lateranensia",
		"Signature": "1254",
		"Input data": "LO",
		"Date entered": "2023-5-22"
	},
	{
		"Archival Document (ARD) ID": "ARD:Vatican_Registra_Lateranensia_1267",
		"Location ID (LOC)": "LOC:Vatican-Bibliotheca_Apostolica_Vaticana",
		"Archive": "Vatican Library",
		"Archival Fond": "Registra Lateranensia",
		"Signature": "1267",
		"Input data": "LO",
		"Date entered": "2023-5-22"
	},
	{
		"Archival Document (ARD) ID": "ARD:Vatican_Registra_Lateranensia_483",
		"Location ID (LOC)": "LOC:Vatican-Bibliotheca_Apostolica_Vaticana",
		"Archive": "Vatican Library",
		"Archival Fond": "Registra Lateranensia",
		"Signature": "483",
		"Input data": "LO",
		"Date entered": "2024-3-1"
	},
	{
		"Archival Document (ARD) ID": "ARD:Vatican_Registra_Lateranensia_977",
		"Location ID (LOC)": "LOC:Vatican-Bibliotheca_Apostolica_Vaticana",
		"Archive": "Vatican Library",
		"Archival Fond": "Registra Lateranensia",
		"Signature": "977",
		"Input data": "LO",
		"Date entered": "2023-5-22"
	},
	{
		"Archival Document (ARD) ID": "ARD:Vatican_Registra_Supplicationum_1386",
		"Location ID (LOC)": "LOC:Vatican-Bibliotheca_Apostolica_Vaticana",
		"Archive": "Vatican Library",
		"Archival Fond": "Registra Supplicationum",
		"Signature": "1386",
		"Input data": "SMB",
		"Date entered": "2024-6-16"
	},
	{
		"Archival Document (ARD) ID": "ARD:Vatican_Registra_Supplicationum_1391",
		"Location ID (LOC)": "LOC:Vatican-Bibliotheca_Apostolica_Vaticana",
		"Archive": "Vatican Library",
		"Archival Fond": "Registra Supplicationum",
		"Signature": "1391",
		"Input data": "SMB",
		"Date entered": "2024-6-16"
	},
	{
		"Archival Document (ARD) ID": "ARD:Vatican_Registra_Supplicationum_1393",
		"Location ID (LOC)": "LOC:Vatican-Bibliotheca_Apostolica_Vaticana",
		"Archive": "Vatican Library",
		"Archival Fond": "Registra Supplicationum",
		"Signature": "1393",
		"Input data": "SMB",
		"Date entered": "2024-6-21"
	},
	{
		"Archival Document (ARD) ID": "ARD:Vatican_Registra_Supplicationum_1425",
		"Location ID (LOC)": "LOC:Vatican-Bibliotheca_Apostolica_Vaticana",
		"Archive": "Vatican Library",
		"Archival Fond": "Registra Supplicationum",
		"Signature": "1425",
		"Input data": "SMB",
		"Date entered": "2024-6-21"
	},
	{
		"Archival Document (ARD) ID": "ARD:Vatican_Registra_Supplicationum_461",
		"Location ID (LOC)": "LOC:Vatican-Bibliotheca_Apostolica_Vaticana",
		"Archive": "Vatican Library",
		"Archival Fond": "Registra Supplicationum",
		"Signature": "461",
		"Input data": "LO",
		"Date entered": "2024-3-1"
	},
	{
		"Archival Document (ARD) ID": "ARD:Vatican_Registra_Supplicationum_595",
		"Location ID (LOC)": "LOC:Vatican-Bibliotheca_Apostolica_Vaticana",
		"Archive": "Vatican Library",
		"Archival Fond": "Registra Supplicationum",
		"Signature": "595",
		"Input data": "LO",
		"Date entered": "2024-3-1"
	},
	{
		"Archival Document (ARD) ID": "ARD:Vatican_Registra_Vaticana_734",
		"Location ID (LOC)": "LOC:Vatican-Bibliotheca_Apostolica_Vaticana",
		"Archive": "Vatican Library",
		"Archival Fond": "Registra Vaticana",
		"Signature": "734",
		"Input data": "LO",
		"Date entered": "2023-5-22"
	},
	{
		"Archival Document (ARD) ID": "ARD:Vatican_Registra_Vaticana_809",
		"Location ID (LOC)": "LOC:Vatican-Bibliotheca_Apostolica_Vaticana",
		"Archive": "Vatican Library",
		"Archival Fond": "Registra Vaticana",
		"Signature": "809",
		"Input data": "LO",
		"Date entered": "2023-5-22"
	},
	{
		"Archival Document (ARD) ID": "ARD:Vatican_Registra_Vaticana_810",
		"Location ID (LOC)": "LOC:Vatican-Bibliotheca_Apostolica_Vaticana",
		"Archive": "Vatican Library",
		"Archival Fond": "Registra Vaticana",
		"Signature": "810",
		"Input data": "LO",
		"Date entered": "2023-5-22"
	},
	{
		"Archival Document (ARD) ID": "ARD:Vatican_Registra_Vaticana_814",
		"Location ID (LOC)": "LOC:Vatican-Bibliotheca_Apostolica_Vaticana",
		"Archive": "Vatican Library",
		"Archival Fond": "Registra Vaticana",
		"Signature": "814",
		"Input data": "LO",
		"Date entered": "2023-5-22"
	},
	{
		"Archival Document (ARD) ID": "ARD:Vatican_Registra_Vaticana_816",
		"Location ID (LOC)": "LOC:Vatican-Bibliotheca_Apostolica_Vaticana",
		"Archive": "Vatican Library",
		"Archival Fond": "Registra Vaticana",
		"Signature": "816",
		"Input data": "LO",
		"Date entered": "2023-5-22"
	},
	{
		"Archival Document (ARD) ID": "ARD:Vatican_Registra_Vaticana_817",
		"Location ID (LOC)": "LOC:Vatican-Bibliotheca_Apostolica_Vaticana",
		"Archive": "Vatican Library",
		"Archival Fond": "Registra Vaticana",
		"Signature": "817",
		"Input data": "LO",
		"Date entered": "2023-5-22"
	},
	{
		"Archival Document (ARD) ID": "ARD:Vatican_Registra_Vaticana_825",
		"Location ID (LOC)": "LOC:Vatican-Bibliotheca_Apostolica_Vaticana",
		"Archive": "Vatican Library",
		"Archival Fond": "Registra Vaticana",
		"Signature": "825",
		"Input data": "LO",
		"Date entered": "2023-5-22"
	},
	{
		"Archival Document (ARD) ID": "ARD:Vatican_Registra_Vaticana_826",
		"Location ID (LOC)": "LOC:Vatican-Bibliotheca_Apostolica_Vaticana",
		"Archive": "Vatican Library",
		"Archival Fond": "Registra Vaticana",
		"Signature": "826",
		"Input data": "LO",
		"Date entered": "2023-5-22"
	},
	{
		"Archival Document (ARD) ID": "ARD:Vatican_Registra_Vaticana_833",
		"Location ID (LOC)": "LOC:Vatican-Bibliotheca_Apostolica_Vaticana",
		"Archive": "Vatican Library",
		"Archival Fond": "Registra Vaticana",
		"Signature": "833",
		"Input data": "LO",
		"Date entered": "2023-5-22"
	},
	{
		"Archival Document (ARD) ID": "ARD:Vatican_Registra_Vaticana_834",
		"Location ID (LOC)": "LOC:Vatican-Bibliotheca_Apostolica_Vaticana",
		"Archive": "Vatican Library",
		"Archival Fond": "Registra Vaticana",
		"Signature": "834",
		"Input data": "LO",
		"Date entered": "2023-5-22"
	},
	{
		"Archival Document (ARD) ID": "ARD:Vatican_Registra_Vaticana_841",
		"Location ID (LOC)": "LOC:Vatican-Bibliotheca_Apostolica_Vaticana",
		"Archive": "Vatican Library",
		"Archival Fond": "Registra Vaticana",
		"Signature": "841",
		"Input data": "LO",
		"Date entered": "2023-5-22"
	},
	{
		"Archival Document (ARD) ID": "ARD:Vatican_Registra_Vaticana_843",
		"Location ID (LOC)": "LOC:Vatican-Bibliotheca_Apostolica_Vaticana",
		"Archive": "Vatican Library",
		"Archival Fond": "Registra Vaticana",
		"Signature": "843",
		"Input data": "LO",
		"Date entered": "2023-5-22"
	},
	{
		"Archival Document (ARD) ID": "ARD:Vatican_Registra_Vaticana_848",
		"Location ID (LOC)": "LOC:Vatican-Bibliotheca_Apostolica_Vaticana",
		"Archive": "Vatican Library",
		"Archival Fond": "Registra Vaticana",
		"Signature": "848",
		"Input data": "LO",
		"Date entered": "2023-5-22"
	},
	{
		"Archival Document (ARD) ID": "ARD:Vatican_Registra_Vaticana_872",
		"Location ID (LOC)": "LOC:Vatican-Bibliotheca_Apostolica_Vaticana",
		"Archive": "Vatican Library",
		"Archival Fond": "Registra Vaticana",
		"Signature": "872",
		"Input data": "LO",
		"Date entered": "2023-5-22"
	},
	{
		"Archival Document (ARD) ID": "ARD:Vatican_Registra_Vaticana_884",
		"Location ID (LOC)": "LOC:Vatican-Bibliotheca_Apostolica_Vaticana",
		"Archive": "Vatican Library",
		"Archival Fond": "Registra Vaticana",
		"Signature": "884",
		"Input data": "LO",
		"Date entered": "2023-5-22"
	},
	{
		"Archival Document (ARD) ID": "ARD:Vatican_Registra_Vaticana_895",
		"Location ID (LOC)": "LOC:Vatican-Bibliotheca_Apostolica_Vaticana",
		"Archive": "Vatican Library",
		"Archival Fond": "Registra Vaticana",
		"Signature": "895",
		"Input data": "LO",
		"Date entered": "2023-5-22"
	},
	{
		"Archival Document (ARD) ID": "ARD:Vatican_Registra_Vaticana_897",
		"Location ID (LOC)": "LOC:Vatican-Bibliotheca_Apostolica_Vaticana",
		"Archive": "Vatican Library",
		"Archival Fond": "Registra Vaticana",
		"Signature": "897",
		"Input data": "LO",
		"Date entered": "2023-5-22"
	},
	{
		"Archival Document (ARD) ID": "ARD:Vatican_Registra_Vaticana_908",
		"Location ID (LOC)": "LOC:Vatican-Bibliotheca_Apostolica_Vaticana",
		"Archive": "Vatican Library",
		"Archival Fond": "Registra Vaticana",
		"Signature": "908",
		"Input data": "LO",
		"Date entered": "2023-5-22"
	},
	{
		"Archival Document (ARD) ID": "ARD:Vatican_Registra_Vaticana_914",
		"Location ID (LOC)": "LOC:Vatican-Bibliotheca_Apostolica_Vaticana",
		"Archive": "Vatican Library",
		"Archival Fond": "Registra Vaticana",
		"Signature": "914",
		"Input data": "LO",
		"Date entered": "2023-5-22"
	},
	{
		"Archival Document (ARD) ID": "ARD:Vatican_Registra_Vaticana_915",
		"Location ID (LOC)": "LOC:Vatican-Bibliotheca_Apostolica_Vaticana",
		"Archive": "Vatican Library",
		"Archival Fond": "Registra Vaticana",
		"Signature": "915",
		"Input data": "LO",
		"Date entered": "2023-5-22"
	},
	{
		"Archival Document (ARD) ID": "ARD:Vatican_Registra_Vaticana_924",
		"Location ID (LOC)": "LOC:Vatican-Bibliotheca_Apostolica_Vaticana",
		"Archive": "Vatican Library",
		"Archival Fond": "Registra Vaticana",
		"Signature": "924",
		"Input data": "LO",
		"Date entered": "2023-5-22"
	},
	{
		"Archival Document (ARD) ID": "ARD:Vatican_Registra_Vaticana_925",
		"Location ID (LOC)": "LOC:Vatican-Bibliotheca_Apostolica_Vaticana",
		"Archive": "Vatican Library",
		"Archival Fond": "Registra Vaticana",
		"Signature": "925",
		"Input data": "LO",
		"Date entered": "2023-5-22"
	},
	{
		"Archival Document (ARD) ID": "ARD:Vatican_Registra_Vaticana_940",
		"Location ID (LOC)": "LOC:Vatican-Bibliotheca_Apostolica_Vaticana",
		"Archive": "Vatican Library",
		"Archival Fond": "Registra Vaticana",
		"Signature": "940",
		"Input data": "LO",
		"Date entered": "2023-5-22"
	},
	{
		"Archival Document (ARD) ID": "ARD:Vatican_Registra_Vaticana_950",
		"Location ID (LOC)": "LOC:Vatican-Bibliotheca_Apostolica_Vaticana",
		"Archive": "Vatican Library",
		"Archival Fond": "Registra Vaticana",
		"Signature": "950",
		"Input data": "LO",
		"Date entered": "2023-5-22"
	},
	{
		"Archival Document (ARD) ID": "ARD:Vatican_Registra_Vaticana_951",
		"Location ID (LOC)": "LOC:Vatican-Bibliotheca_Apostolica_Vaticana",
		"Archive": "Vatican Library",
		"Archival Fond": "Registra Vaticana",
		"Signature": "951",
		"Input data": "LO",
		"Date entered": "2023-5-22"
	},
	{
		"Archival Document (ARD) ID": "ARD:Vatican_Registra_Vaticana_953",
		"Location ID (LOC)": "LOC:Vatican-Bibliotheca_Apostolica_Vaticana",
		"Archive": "Vatican Library",
		"Archival Fond": "Registra Vaticana",
		"Signature": "953",
		"Input data": "LO",
		"Date entered": "2023-5-22"
	},
	{
		"Archival Document (ARD) ID": "ARD:Vatican_Registra_Vaticana_955",
		"Location ID (LOC)": "LOC:Vatican-Bibliotheca_Apostolica_Vaticana",
		"Archive": "Vatican Library",
		"Archival Fond": "Registra Vaticana",
		"Signature": "955",
		"Input data": "LO",
		"Date entered": "2023-5-22"
	},
	{
		"Archival Document (ARD) ID": "ARD:Vatican_Registra_Vaticana_956",
		"Location ID (LOC)": "LOC:Vatican-Bibliotheca_Apostolica_Vaticana",
		"Archive": "Vatican Library",
		"Archival Fond": "Registra Vaticana",
		"Signature": "956",
		"Input data": "LO",
		"Date entered": "2023-5-22"
	},
	{
		"Archival Document (ARD) ID": "ARD:Vatican_Registra_Vaticana_965",
		"Location ID (LOC)": "LOC:Vatican-Bibliotheca_Apostolica_Vaticana",
		"Archive": "Vatican Library",
		"Archival Fond": "Registra Vaticana",
		"Signature": "965",
		"Input data": "LO",
		"Date entered": "2023-5-22"
	},
	{
		"Archival Document (ARD) ID": "ARD:Vatican_Registra_Vaticana_968",
		"Location ID (LOC)": "LOC:Vatican-Bibliotheca_Apostolica_Vaticana",
		"Archive": "Vatican Library",
		"Archival Fond": "Registra Vaticana",
		"Signature": "968",
		"Input data": "LO",
		"Date entered": "2023-5-22"
	},
	{
		"Archival Document (ARD) ID": "ARD:Vatican_Registra_Vaticana_973",
		"Location ID (LOC)": "LOC:Vatican-Bibliotheca_Apostolica_Vaticana",
		"Archive": "Vatican Library",
		"Archival Fond": "Registra Vaticana",
		"Signature": "973",
		"Input data": "LO",
		"Date entered": "2023-5-22"
	},
	{
		"Archival Document (ARD) ID": "ARD:Vatican_Registra_Vaticana_974",
		"Location ID (LOC)": "LOC:Vatican-Bibliotheca_Apostolica_Vaticana",
		"Archive": "Vatican Library",
		"Archival Fond": "Registra Vaticana",
		"Signature": "974",
		"Input data": "LO",
		"Date entered": "2023-5-22"
	},
	{
		"Archival Document (ARD) ID": "ARD:Vatican_Registra_Vaticana_975",
		"Location ID (LOC)": "LOC:Vatican-Bibliotheca_Apostolica_Vaticana",
		"Archive": "Vatican Library",
		"Archival Fond": "Registra Vaticana",
		"Signature": "975",
		"Input data": "LO",
		"Date entered": "2023-5-22"
	},
	{
		"Archival Document (ARD) ID": "ARD:Vatican_Registra_Vaticana_976",
		"Location ID (LOC)": "LOC:Vatican-Bibliotheca_Apostolica_Vaticana",
		"Archive": "Vatican Library",
		"Archival Fond": "Registra Vaticana",
		"Signature": "976",
		"Input data": "LO",
		"Date entered": "2023-5-22"
	},
	{
		"Archival Document (ARD) ID": "ARD:Vatican_Registra_Vaticana_982",
		"Location ID (LOC)": "LOC:Vatican-Bibliotheca_Apostolica_Vaticana",
		"Archive": "Vatican Library",
		"Archival Fond": "Registra Vaticana",
		"Signature": "982",
		"Input data": "LO",
		"Date entered": "2023-5-22"
	},
	{
		"Archival Document (ARD) ID": "ARD:Vatican_Registra_Vaticani_787",
		"Location ID (LOC)": "LOC:Vatican-Bibliotheca_Apostolica_Vaticana",
		"Archive": "Vatican Library",
		"Archival Fond": "Registra Vaticana",
		"Signature": "787",
		"Input data": "BSO",
		"Date entered": "2023-3-21"
	},
	{
		"Archival Document (ARD) ID": "ARD:Vatican_Sacra_Penitentiaria_9",
		"Location ID (LOC)": "LOC:Vatican-Bibliotheca_Apostolica_Vaticana",
		"Archive": "Vatican Library",
		"Archival Fond": "Sacra Penitentiaria",
		"Signature": "9",
		"Input data": "LO",
		"Date entered": "2024-3-1"
	},
	{
		"Archival Document (ARD) ID": "ARD:Vatican_Segreto_DC_11",
		"Location ID (LOC)": "LOC:Vatican-Bibliotheca_Apostolica_Vaticana",
		"Archive": "Archivio Segreto Vaticano",
		"Archival Fond": "Diversa Cameralia",
		"Signature": "11",
		"Input data": "SMB",
		"Date entered": "2024-8-22"
	},
	{
		"Archival Document (ARD) ID": "ARD:Weimar_EGA_5910",
		"Location ID (LOC)": "LOC:Weimar",
		"Archive": "Ernestinischen Gesamtarchiv",
		"Signature": "5910",
		"Input data": "SMB",
		"Date entered": "2024-6-23"
	},
	{
		"Archival Document (ARD) ID": "ARD:Varda_Diary",
		"Archival Fond": "Aleanders Tagebuch",
		"Signature": "L",
		"Description": "Diaries of Girolamo Aleandro",
		"Input data": "SMB",
		"Date entered": "2024-9-14"
	},
	{
		"Archival Document (ARD) ID": "ARD:Lille_ADN_B_3435",
		"Location ID (LOC)": "LOC:Lille-Archives_Departmentales",
		"Archive": "Archives Départementales du Nord",
		"Archival Fond": "B",
		"Signature": "3435",
		"Input data": "LO",
		"Date entered": "2025-2-9"
	},
	{
		"Archival Document (ARD) ID": "ARD:Lille_ADN_B_3436",
		"Location ID (LOC)": "LOC:Lille-Archives_Departmentales",
		"Archive": "Archives Départementales du Nord",
		"Archival Fond": "B",
		"Signature": "3436",
		"Input data": "LO",
		"Date entered": "2025-2-9"
	},
	{
		"Archival Document (ARD) ID": "ARD:Lille_ADN_B_3437",
		"Location ID (LOC)": "LOC:Lille-Archives_Departmentales",
		"Archive": "Archives Départementales du Nord",
		"Archival Fond": "B",
		"Signature": "3437",
		"Input data": "LO",
		"Date entered": "2025-2-9"
	},
	{
		"Archival Document (ARD) ID": "ARD:Lille_ADN_B_3438",
		"Location ID (LOC)": "LOC:Lille-Archives_Departmentales",
		"Archive": "Archives Départementales du Nord",
		"Archival Fond": "B",
		"Signature": "3438",
		"Input data": "LO",
		"Date entered": "2025-2-9"
	},
	{
		"Archival Document (ARD) ID": "ARD:Lille_ADN_B_3439",
		"Location ID (LOC)": "LOC:Lille-Archives_Departmentales",
		"Archive": "Archives Départementales du Nord",
		"Archival Fond": "B",
		"Signature": "3439",
		"Input data": "LO",
		"Date entered": "2025-2-9"
	},
	{
		"Archival Document (ARD) ID": "ARD:Paris_Archives_Nationales_K_53029",
		"Location ID (LOC)": "LOC:Paris-Archives_Nationales",
		"Archive": "Paris Archives Nationales",
		"Archival Fond": "K",
		"Signature": "53029",
		"Input data": "LO",
		"Date entered": "2025-2-17"
	},
	{
		"Archival Document (ARD) ID": "ARD:Brussels_PEA_9",
		"Location ID (LOC)": "LOC:Brussels-Archives_Generales_du_Royaume",
		"Archive": "Archives Générales du Royaume",
		"Archival Fond": "Papiers d'Etat et de l'Audience",
		"Signature": "9",
		"Input data": "LO",
		"Date entered": "2025-2-17"
	},
	{
		"Archival Document (ARD) ID": "ARD:Paris_BnF_fr_8255",
		"Location ID (LOC)": "LOC:Paris-BNF",
		"Archive": "Bibliothèque nationale de France",
		"Archival Fond": "fonds français",
		"Signature": "8255",
		"Input data": "LO",
		"Date entered": "2025-2-17"
	},
	{
		"Archival Document (ARD) ID": "ARD:Paris_BnF_fr_3867",
		"Location ID (LOC)": "LOC:Paris-BNF",
		"Archive": "Bibliothèque nationale de France",
		"Archival Fond": "fonds français",
		"Signature": "3867",
		"Input data": "LO",
		"Date entered": "2025-2-17"
	}
]