[
	{
		"Biography Composer (BCO) ID": "BCO:Adrien_Thiebault_dit_Pickart",
		"Composer Name": "Adrien Thiebault dit Pickart",
		"Alias": "Pickart, Adrien",
		"Birth Date": "1496",
		"Death Date": "1546",
		"Description": "composer, musican, maitre de la chapelle at Imperial chapel of Charles V",
		"Bibliography (BIB) ID": "BIB:Ferer_2014",
		"BIB Pages": "198",
		"Input data": "AN",
		"Date entered": "2024-10-31"
	},
	{
		"Biography Composer (BCO) ID": "BCO:Alexander_Agricola",
		"Composer Name": "Alexander Agricola",
		"Alias": "Agricolla, Alixandre; Agricola, Alexandre; Agnièla, Alexandre",
		"Birth Date": "~1446",
		"Death Date": "1506",
		"DIAMM Link": "https://www.diamm.ac.uk/people/182/",
		"RISM Link": "https://rism.online/people/30005595",
		"Input data": "SMB",
		"Date entered": "2024-6-29"
	},
	{
		"Biography Composer (BCO) ID": "BCO:Aliamus_de_Groote",
		"Composer Name": "Aliamus de Groote",
		"Death Date": "1501",
		"Description": "Composer; chaplain; succentor; member of the confraternity of Our Lady van der Sne and Holy Ghost",
		"Bibliography (BIB) ID": "BIB:Strohm_1985",
		"BIB Pages": "155",
		"Input data": "LO",
		"Date entered": "2024-8-24"
	},
	{
		"Biography Composer (BCO) ID": "BCO:Andreas_de_Silva",
		"Composer Name": "Andreas de Silva",
		"DIAMM Link": "https://www.diamm.ac.uk/people/209/",
		"RISM Link": "https://rism.online/people/30024652",
		"Bibliography (BIB) ID": "BIB:Frey_1955",
		"BIB Pages": "61",
		"Input data": "SMB",
		"Date entered": "2025-3-20"
	},
	{
		"Biography Composer (BCO) ID": "BCO:Antoine_Bruhier",
		"Composer Name": "Antoine Bruhier",
		"Alias": "Brochier, Antoine; Broier, Antoine; Broyer, Antoine; Brubyer, Antoine; Brucher, Antoine; Bruchier, Antoine; Brugier, Antonio; Bruglier, Antoine; Bruher, Antoine; Bruhier, Antoine; Bruhiere, Antoine; Bruhyer, Antoine; Bruyer, Antoine",
		"Description": "French singer and composer",
		"DIAMM Link": "https://www.diamm.ac.uk/people/220/",
		"RISM Link": "https://rism.online/people/30016485",
		"Bibliography (BIB) ID": "BIB:Lockwood_1979",
		"BIB Pages": "199",
		"Input data": "BSO",
		"Date entered": "2024-3-19",
		"Update data": "BSO",
		"Date updated": "2025-2-10"
	},
	{
		"Biography Composer (BCO) ID": "BCO:Antoine_Brumel",
		"Composer Name": "Antoine Brumel",
		"Alias": "Broemel, Antoine; Brommel, Antoine; Brommel, Anton; Brumel, A.; Brumel, Antoin; Brumel, Anton; Brumel, Antonio; Brumel, Antonius; Brumet, Antoine; Brummel, Antoine; Brummel, Anton; Brunel, Antoine; Brunel, Anton; Brunello, Antoine",
		"DIAMM Link": "https://www.diamm.ac.uk/people/199/",
		"RISM Link": "https://rism.online/people/20000368",
		"Input data": "BSO",
		"Date entered": "2024-2-12"
	},
	{
		"Biography Composer (BCO) ID": "BCO:Antoine_Busnoys",
		"Composer Name": "Antoine Busnoys",
		"Alias": "Antoine de Busnes; Bunois, Antoine; Busnois, Antoine; De Busne, Antoine",
		"Death Date": "1492-11-6",
		"DIAMM Link": "https://www.diamm.ac.uk/people/187/",
		"RISM Link": "https://rism.online/people/30016323",
		"Input data": "LO",
		"Date entered": "2024-1-19",
		"Update data": "BSO",
		"Date updated": "2024-1-19"
	},
	{
		"Biography Composer (BCO) ID": "BCO:Antoine_Divitis",
		"Composer Name": "Antoine Divitis",
		"Alias": "Divitis, Antonius; De Rycke, Antonius; Riche, Antoine; Divititz, Anthoine; Davtitz, Anthoine; Riche, Anthoine; Dantiz, Anthoine; Davtiz, Anthoine; Divitis, Anthoine; Duntiz, Antoine; De Rijcke, Antonius; De Ryke, Antonius; Le Riche, Antonius; Rycke, Antonius; Ryke, Antonius",
		"Birth Date": "~1470",
		"Death Date": "~1530",
		"DIAMM Link": "https://www.diamm.ac.uk/people/107/",
		"RISM Link": "https://rism.online/people/30019873",
		"Input data": "BSO",
		"Date entered": "2024-4-4"
	},
	{
		"Biography Composer (BCO) ID": "BCO:Antonio_Colobaudi",
		"Composer Name": "Antonio Colobaudi dicto Bidon",
		"Alias": "Bidon",
		"Description": "member of the Savoy chapel from 1500–2, lured to Rome in 1516 by Leo X",
		"DIAMM Link": "https://www.diamm.ac.uk/people/4431/",
		"Input data": "BSO",
		"Date entered": "2023-3-9",
		"Update data": "BSO",
		"Date updated": "2024-2-12"
	},
	{
		"Biography Composer (BCO) ID": "BCO:Antonio_de_Longueval",
		"Composer Name": "Antonio de Longueval",
		"Description": "fl. 1498–1525; from 1502–4 at Savoy; paid for service in Ferrara between December 1503 and September 1504; by 1507 was a valet de chambre to Louis XII; canon at Bourges in 1510, maître de chapelle for Francis I starting in October 1515",
		"DIAMM Link": "https://www.diamm.ac.uk/people/221/",
		"RISM Link": "https://rism.online/people/30008093",
		"Bibliography (BIB) ID": "BIB:Lockwood_2009",
		"BIB Pages": "361",
		"Input data": "BSO",
		"Date entered": "2023-3-9",
		"Update data": "BSO",
		"Date updated": "2024-2-11"
	},
	{
		"Biography Composer (BCO) ID": "BCO:Antonius_Ribera",
		"Composer Name": "Antonius Ribera",
		"Description": "Composer",
		"DIAMM Link": "https://www.diamm.ac.uk/people/572/",
		"Internal notes": "NO RISM PAGE",
		"Input data": "SMB",
		"Date entered": "2024-10-12"
	},
	{
		"Biography Composer (BCO) ID": "BCO:Arnold_de_Lantins",
		"Composer Name": "Arnold de Lantins",
		"Alias": "Arnold de Lantins; Arnoldus [Lantins]; Arnoldus [de Lantinis]; Arnoldus [de Lantins]; Lanctius; Lantinis; Lantinis, Arnoldus de; Lantins, Arnaldus de; Lantins, Arnoldo de; Lantins, Arnoldus de; Lantins, Ray. de; Lantins, Raynaldus de; Lantius; Latinis; Latinis, Arnoldo",
		"Description": "Composer, singer",
		"DIAMM Link": "https://www.diamm.ac.uk/people/150/",
		"RISM Link": "https://rism.online/people/30109013",
		"Bibliography (BIB) ID": "BIB:Planchart_2018",
		"BIB Pages": "122",
		"Input data": "SMB",
		"Date entered": "2024-8-22",
		"Update data": "BSO",
		"Date updated": "2025-2-10"
	},
	{
		"Biography Composer (BCO) ID": "BCO:Bernardus_Ycart",
		"Composer Name": "Bernardus Ycart",
		"Alias": "Hicart, Bernar; Hicart, Bernhard; Hycaert, Bernhard; Hycart, Bernhard; Hyckaert, Bernhard; Icart, Bernhard; Ycaert, Bernhard; Ycart, Ber.; Ycart, Bernar; Ycart, Bernard; Ycart, Bernardus",
		"Description": "composer at Neapolitan court",
		"Input data": "SMB",
		"Date entered": "2024-8-11",
		"Update data": "BSO",
		"Date updated": "2025-2-10"
	},
	{
		"Biography Composer (BCO) ID": "BCO:Bertran_Feragut",
		"Composer Name": "Bertran Feragut",
		"Alias": "Beltramus, de Francia; Beltrandus, de Vignone; Bertrand, di Avignone; Feracut, Bertran; Feragut, Beltrame; Feraguti, Bertrandus; Ferragut, Beltrame; Ferragut, Beltramus; Ferragut, Beltrandus; Ferragut, Bertrandus",
		"Description": "composer",
		"DIAMM Link": "https://www.diamm.ac.uk/people/275/",
		"RISM Link": "https://rism.online/people/41016866",
		"Bibliography (BIB) ID": "BIB:MerkleyP_2017",
		"BIB Pages": "40",
		"Input data": "SMB",
		"Date entered": "2024-9-27"
	},
	{
		"Biography Composer (BCO) ID": "BCO:Bertrandus_Vaqueras",
		"Composer Name": "Bertrandus Vaqueras",
		"Alias": "Bassa, Bertrandus della; Bassea, Bertrandus de; Bernardus de Brassia; Bertrandus de Brassia; De Bassea, Bertrandus; Della Bassa, Bertrandus; Vacares, Bertrandus; Vacqueras, Beltrame; Vacqueras, Bernardus; Vacqueras, Bertrandus; Vagares, Bertrandus; Vagueras, Bertrandus; Vassadelli, Bertrandus",
		"Death Date": "1521",
		"Description": "member of chapel of Sixtus IV, self-inscribed in the Confraternità di Santo Spirito in Sassia on 1484-06-07.",
		"RISM Link": "https://rism.online/people/30095675",
		"Input data": "LO",
		"Date entered": "2023-3-28",
		"Update data": "BSO",
		"Date updated": "2024-3-19"
	},
	{
		"Biography Composer (BCO) ID": "BCO:Carpentras",
		"Composer Name": "Carpentras",
		"Alias": "Elzéar Genet, Genesi, Genetii",
		"Death Date": "1548-6-14",
		"Description": "maestro di capella of the papal chapel, 1514–21; born in Carpentras near Avignon, he may have attracted the attention of the cardinal Giuliano della Rovere (later, Pope Julius II); prized by Leo X who made him chapel master in 1514; stayed in papal service until 1521, returning from 1524 to 1526; possibly heard a performance of his Lamentations in 1526 which so disgusted him that he sent a corrected manuscript to Clement VII from Avignon",
		"DIAMM Link": "https://www.diamm.ac.uk/people/223/",
		"RISM Link": "https://rism.online/people/30005089",
		"Input data": "LO",
		"Date entered": "2023-3-28",
		"Update data": "BSO",
		"Date updated": "2024-4-4"
	},
	{
		"Biography Composer (BCO) ID": "BCO:Charles_d'Argentil",
		"Composer Name": "Charles d'Argentil",
		"Alias": "Argentil, Charles; Argentile, Charles; Argentilis, Charles de; Argentilli, Charles; Argentini, Charles; Carolus d'Argentille; Charles d'Argentille; Ciarles Argentil; D'Argentille; D'Argentilly, Carlo; D'Argentilly, Carolus; D'Argentilly, Petrocarlo; Dargentil, Charles; De Argentilis, Charles; dubatz",
		"DIAMM Link": "https://www.diamm.ac.uk/people/287/",
		"RISM Link": "https://rism.online/people/30017603",
		"Input data": "SMB",
		"Date entered": "2024-11-17",
		"Update data": "BSO",
		"Date updated": "2025-2-10"
	},
	{
		"Biography Composer (BCO) ID": "BCO:Claudin_de_Sermisy",
		"Composer Name": "Claudin de Sermisy",
		"Alias": "Cermisy, Claudin de; Claudin [de Sermisy]; Sermicy, Claudin de; Sermisi, Claudio de; Sermisy, Cl. de; Sermisy, Claude de; Sermizy, Claudin de; Sermysy, Claudin de; Sernisy, Claudin de; Servyzy, Claudin de",
		"DIAMM Link": "https://www.diamm.ac.uk/people/222/",
		"RISM Link": "https://rism.online/people/20000369",
		"Input data": "BSO",
		"Date entered": "2024-4-5",
		"Update data": "BSO",
		"Date updated": "2025-2-12"
	},
	{
		"Biography Composer (BCO) ID": "BCO:Cornelius_Canis",
		"Composer Name": "Cornelius Canis",
		"Alias": "Cornelis de Hond, Cornelius; De Hondt, Cornelius; Hondt, Cornelius; Cams, Cornille; Corneille",
		"Description": "composer",
		"DIAMM Link": "https://www.diamm.ac.uk/people/671/",
		"RISM Link": "https://rism.online/people/30007460",
		"Bibliography (BIB) ID": "BIB:Ferer_2014",
		"BIB Pages": "198",
		"Input data": "AN",
		"Date entered": "2024-10-28",
		"Update data": "BSO",
		"Date updated": "2025-2-12"
	},
	{
		"Biography Composer (BCO) ID": "BCO:Cornelius_Heyns",
		"Composer Name": "Cornelius Heyns",
		"Alias": "Heyne, Cornelius; Heynz, Cornelius",
		"Death Date": "1485",
		"Description": "Composer; cleric; singer; chaplain; succentor; not identical with the Cistercian monk Nornelius Heyns",
		"DIAMM Link": "https://www.diamm.ac.uk/people/357/",
		"RISM Link": "https://rism.online/people/50042037",
		"Bibliography (BIB) ID": "BIB:Strohm_1985",
		"BIB Pages": "155",
		"Input data": "LO",
		"Date entered": "2024-8-24",
		"Update data": "BSO",
		"Date updated": "2025-2-12"
	},
	{
		"Biography Composer (BCO) ID": "BCO:Costanzo_Festa",
		"Composer Name": "Costanzo Festa",
		"DIAMM Link": "https://www.diamm.ac.uk/people/213/",
		"RISM Link": "https://rism.online/people/30004621",
		"Input data": "SMB",
		"Date entered": "2025-4-2"
	},
	{
		"Biography Composer (BCO) ID": "BCO:Crispin_van_Stappen",
		"Composer Name": "Crispin van Stappen",
		"Alias": "Crispinus; Stappen, Crispiaenen van; Stappen, Crispijn van; Stappen, Crispijne van; Stappen, Crispin de; Stappen, Crispin van; Stappen, Crispin van der; Stappen, Crispinus de; Stappen, Crispinus vander",
		"Death Date": "1532-3-10",
		"Description": "maestro di capella at the cathedral of Padua in late 1492; joined the papal chapel in 1493; returned to Padua for six monnths from August 1498; records in Cambrai show that he took a trip to Rome in July 1507; in Cambrai from July 1509 until death",
		"DIAMM Link": "https://www.diamm.ac.uk/people/328/",
		"RISM Link": "https://rism.online/people/30100874",
		"Bibliography (BIB) ID": "BIB:Sherr_1975",
		"BIB Pages": "35–41",
		"Input data": "LO",
		"Date entered": "2023-3-28",
		"Update data": "BSO",
		"Date updated": "2023-5-8"
	},
	{
		"Biography Composer (BCO) ID": "BCO:Cristobal_de_Morales",
		"Composer Name": "Cristobal de Morales",
		"Alias": "Clericus Hispalensis; De Morales, Cristobal; Morales Hispalensis; Morales, Christophoro",
		"Birth Date": "~1500",
		"Death Date": "1553",
		"Description": "composer and singer",
		"DIAMM Link": "https://www.diamm.ac.uk/people/270/",
		"RISM Link": "https://rism.online/people/30002254",
		"Bibliography (BIB) ID": "BIB:Rees_2007",
		"Input data": "AN",
		"Date entered": "2025-01-19",
		"Update data": "BSO",
		"Date updated": "2025-2-12"
	},
	{
		"Biography Composer (BCO) ID": "BCO:Dionysius_Prioris",
		"Composer Name": "Dionysius Prioris",
		"Alias": "Prieur, Denis; Prioris, Johannes",
		"DIAMM Link": "https://www.diamm.ac.uk/people/99/",
		"RISM Link": "https://rism.online/people/30016484",
		"Bibliography (BIB) ID": "BIB:Dumitrescu_2012",
		"BIB Pages": "5–65",
		"Input data": "LO",
		"Date entered": "2024-1-25"
	},
	{
		"Biography Composer (BCO) ID": "BCO:Eloy_dAmerval",
		"Composer Name": "Eloy d'Amerval",
		"Alias": "Amerval, Eloy d'; Bloym; Damerval; Eligius; Eloym; Illigio",
		"Input data": "ECZ",
		"Date entered": "2024-2-22",
		"Update data": "BSO",
		"Date updated": "2025-2-12"
	},
	{
		"Biography Composer (BCO) ID": "BCO:Francesco_de_Layolle",
		"Composer Name": "Francesco de Layolle",
		"Alias": "Aiolla, Francesco de; Aiolle, Antonio Francesco Romolo di Agniolo di Piero; Aiolli, Francesco de; Ayolle, Francesco de; De Layolle, Francesco; Dell'Aiolle, Francesco; Dell'Aiolli, Francesco; Dell'Aiuola, Francesco; Dell'Ajolle, Francesco; Layolla, Francesco de; Layolle, François de",
		"DIAMM Link": "https://www.diamm.ac.uk/people/1148/",
		"RISM Link": "https://rism.online/people/30010858",
		"Input data": "SMB",
		"Date entered": "2024-11-15",
		"Update data": "BSO",
		"Date updated": "2025-2-12"
	},
	{
		"Biography Composer (BCO) ID": "BCO:Franchinus_Gaffurius",
		"Composer Name": "Franchinus Gaffurius",
		"Alias": "Gaffori, Franchino; Gaffori, Franchinus; Gafforius, Franchino; Gafforus, Franchinus; Gaffuri, Franchino; Gaffurio, Franchino; Gafor, Franchinus; Gafori, Franchino; Gafori, Franchinus; Gafurio, Franchino; Gafuris, Franchino; Gafurius, Franchinus; Gafurus, Franchinus",
		"Death Date": "1522-6-22",
		"Description": "Composer, theorist, scribe",
		"DIAMM Link": "https://www.diamm.ac.uk/people/307/",
		"RISM Link": "https://rism.online/people/30102810",
		"Input data": "SMB",
		"Date entered": "2024-8-11",
		"Update data": "BSO",
		"Date updated": "2025-2-12"
	},
	{
		"Biography Composer (BCO) ID": "BCO:Francisco_de_Peñalosa",
		"Composer Name": "Francisco de Peñalosa",
		"Alias": "Penyalosa, Francisco de; Pignalola, Francisco de",
		"Description": "Composer",
		"DIAMM Link": "https://www.diamm.ac.uk/people/570/",
		"RISM Link": "https://rism.online/people/30024040",
		"Input data": "SMB",
		"Date entered": "2024-10-12",
		"Update data": "BSO",
		"Date updated": "2025-2-12"
	},
	{
		"Biography Composer (BCO) ID": "BCO:Gaspar_van_Weerbeke",
		"Composer Name": "Gaspar van Weerbeke",
		"Alias": "Gaspar van Weerbeke; Gaspar van Weerbeke; Gaspar van Weerbeke, Gaspar van; Gaspard; Gaspare de Alemania; Gaspare de Alemania, Gaspar van; Gaspare vice abate; Gaspare vice abate, Gaspar van; Veerbeke di Fiandra; Veerbeke di Fiandra, Gaspar van; Verbech; Verbech, Gaspar van; Verbecht; Verbecht, Gaspar van; Verbeck; Verbeck, Gaspar van; Warbeck; Warbeck, Gaspar van; Weerbecke, Gaspar; Weerbecke, Gaspar van; Weerbecke, Gaspar van; Weerbeke, Gaspar van; Werbeck; Werbeck, Gaspar van; Werbeke; Werbeke, Gaspar van",
		"Description": "singer in the papal chapel 1484–89; 1501–3; 1507–9; member of the chapel of Sixtus IV; first major composer in papal service since Dufay; enters the Confraternità di Santo Spirito in Sassia 1483-05-19; returns to the service of the Duke of Milan after March 1498; a motu propcio indicates he is in Rome in November 1499; documents place him in the chapel in October 1515 and November 1517",
		"DIAMM Link": "https://www.diamm.ac.uk/people/146/",
		"RISM Link": "https://rism.online/people/30006179",
		"Bibliography (BIB) ID": "BIB:Sherr_1975",
		"BIB Pages": "26–31, 37–42",
		"Input data": "LO",
		"Date entered": "2023-3-28",
		"Update data": "BSO",
		"Date updated": "2023-5-9"
	},
	{
		"Biography Composer (BCO) ID": "BCO:Gilles_Binchois",
		"Composer Name": "Gilles Binchois",
		"Alias": "Binch, Gilles; Binchis, Gilles; Binchoy, Gilles; Binchoys, Gilles; Bincoys, Gilles; Buchoi, Gilles; Bynczoys, Gilles; Bynzoys, Gilles; Gilles de Binck, Gilles; Gilles de Bins, Gilles; Prachoys, Gilles; Vinczois, Gilles; Wintzois, Gilles; de Binche, Gilles; de Bins, Gilles",
		"Death Date": "1460-9-20",
		"Description": "Composer",
		"DIAMM Link": "https://www.diamm.ac.uk/people/153/",
		"RISM Link": "https://rism.online/people/30020900",
		"Bibliography (BIB) ID": "BIB:Planchart_2018",
		"BIB Pages": "277",
		"Input data": "SMB",
		"Date entered": "2024-9-15",
		"Update data": "BSO",
		"Date updated": "2025-2-12"
	},
	{
		"Biography Composer (BCO) ID": "BCO:Gilles_Joye",
		"Composer Name": "Gilles Joye",
		"Alias": "Egidius van den Abeele, de Abellis, de Aubeaux",
		"Death Date": "1483-12-31",
		"Description": "Composer; singer; chaplain; canon",
		"DIAMM Link": "https://www.diamm.ac.uk/people/235/",
		"RISM Link": "https://rism.online/people/30109808",
		"Bibliography (BIB) ID": "BIB:Strohm_1985",
		"BIB Pages": "155",
		"Input data": "LO",
		"Date entered": "2024-8-24",
		"Update data": "ECZ",
		"Date updated": "2025-3-17"
	},
	{
		"Biography Composer (BCO) ID": "BCO:Giovanni_Spataro",
		"Composer Name": "Giovanni Spataro",
		"Alias": "Spadario, Giovanni; Spadarius, Giovanni; Spadaro, Giovanni; Spartarius, Giovanni; Spatario, Zoanne; Spatarius, Joannes; Spatarus, Giovanni",
		"Birth Date": "1458-10-26",
		"Death Date": "1541-1-17",
		"Description": "music theorist, maestro di capella, composer",
		"DIAMM Link": "https://www.diamm.ac.uk/people/269/",
		"RISM Link": "https://rism.online/people/30102057",
		"Input data": "LO",
		"Date entered": "2023-3-28",
		"Update data": "BSO",
		"Date updated": "2023-5-9"
	},
	{
		"Biography Composer (BCO) ID": "BCO:Guillaume_Du_Fay",
		"Composer Name": "Guillaume Du Fay",
		"Alias": "Doufayt, Guillaume; Du Fay, Guglielmo; Du Fayt, Guillaume; Dufa, Guillaume; Dufay, Guillaume",
		"Birth Date": "~1400",
		"Death Date": "1474-11-27",
		"DIAMM Link": "https://www.diamm.ac.uk/people/91/",
		"RISM Link": "https://rism.online/people/30005374",
		"Bibliography (BIB) ID": "BIB:Starr_1992",
		"BIB Pages": "258–59",
		"Input data": "LO",
		"Date entered": "2024-3-22",
		"Update data": "BSO",
		"Date updated": "2025-2-12"
	},
	{
		"Biography Composer (BCO) ID": "BCO:Guillaume_Faugues",
		"Composer Name": "Guillaume Faugues",
		"Alias": "Fagus, Guillaume; Faugues, Vincent; Fauques, Guillaume; La Fage, Guillaume",
		"DIAMM Link": "https://www.diamm.ac.uk/people/370/",
		"RISM Link": "https://rism.online/people/50041917",
		"Input data": "SMB",
		"Date entered": "2024-8-10",
		"Update data": "BSO",
		"Date updated": "2025-2-12"
	},
	{
		"Biography Composer (BCO) ID": "BCO:Guillaume_le_Metayer",
		"Composer Name": "Guillaume le Metayer",
		"Alias": "Malbecque",
		"Description": "Composer",
		"DIAMM Link": "https://www.diamm.ac.uk/people/1506/",
		"RISM Link": "https://rism.online/people/41016860",
		"Bibliography (BIB) ID": "BIB:Planchart_2018",
		"BIB Pages": "210",
		"Input data": "SMB",
		"Date entered": "2024-8-31"
	},
	{
		"Biography Composer (BCO) ID": "BCO:Guillaume_Lemarcherier",
		"Composer Name": "Guillaume Lemarcherier",
		"Alias": "Guillaume Legrant",
		"Description": "musician to Sigismund HRE",
		"DIAMM Link": "https://www.diamm.ac.uk/people/168/",
		"RISM Link": "https://rism.online/people/41009503",
		"Input data": "SMB",
		"Date entered": "2024-8-21"
	},
	{
		"Biography Composer (BCO) ID": "BCO:Heinrich_Isaac",
		"Composer Name": "Heinrich Isaac",
		"Alias": "Arrhigus, Heinrich; Arrigo Tedesco; Arrigo Ugonis; Arrigo d'Ugo; Arrigo de Alemania; Arrigo di Fiandra; Arrigo il Tedesco; Isaac, Henricus; Isaak, Heinrich; Isac, Heinrich; Izac, Heinrich; Ysaac, Heinrich; Ysac, Heinrich; Ysach, Heinrich; Ysak, Heinrich; Yzaac, Heinrich; Yzac, Heinrich",
		"Death Date": "1517-3-26",
		"DIAMM Link": "https://www.diamm.ac.uk/people/195/",
		"RISM Link": "https://rism.online/people/20000364",
		"Input data": "BSO",
		"Date entered": "2023-3-9",
		"Update data": "BSO",
		"Date updated": "2023-5-9"
	},
	{
		"Biography Composer (BCO) ID": "BCO:Hylarius_Penet",
		"Composer Name": "Hylarius Penet",
		"DIAMM Link": "https://www.diamm.ac.uk/people/262/",
		"RISM Link": "https://rism.online/people/30099787",
		"Bibliography (BIB) ID": "BIB:Frey_1955",
		"BIB Pages": "178",
		"Input data": "SMB",
		"Date entered": "2025-4-30"
	},
	{
		"Biography Composer (BCO) ID": "BCO:Jacob_Obrecht",
		"Composer Name": "Jacob Obrecht",
		"Alias": "Hoberti de Bergis, Jacob; Hobertus, Jacob; Hobrecht, Jacob; Hoebrecht, Jacob; Obert, Jacobus; Oberti de Bergis, Jacob; Obertus, Jacob; Obreht, Jacob; Obret, Jacob; Obreth, Jacob; Opprecht, Jacob; Oprecht, Jacob; Uberto, Jacob; Ubreto, Jacob",
		"Birth Date": "~1457",
		"Death Date": "1505",
		"Description": "maestro di capella at the court of Ferrara, 1504–5; died of the plague in Ferrara in late June or July 1505",
		"DIAMM Link": "https://www.diamm.ac.uk/people/100/",
		"RISM Link": "https://rism.online/people/30005499",
		"Bibliography (BIB) ID": "BIB:Lockwood_2009; BIB:Wegman_2001",
		"BIB Pages": "361–62;",
		"Input data": "BSO",
		"Date entered": "2023-3-9",
		"Update data": "BSO",
		"Date updated": "2023-5-9"
	},
	{
		"Biography Composer (BCO) ID": "BCO:Jacobus_Clemens_non_Papa",
		"Composer Name": "Jacobus Clemens non Papa",
		"Alias": "Clemens non papa, Jacobus; Clement, Jacobus; Clément, Jacques; Jacobus Clement non papa",
		"Birth Date": "~1510",
		"Death Date": "1555",
		"Description": "Clergyman, composer, singer, succentor",
		"DIAMM Link": "https://www.diamm.ac.uk/people/669/",
		"RISM Link": "https://rism.online/people/30000686",
		"Input data": "AN",
		"Date entered": "2024-12-4",
		"Update data": "BSO",
		"Date updated": "2025-2-12"
	},
	{
		"Biography Composer (BCO) ID": "BCO:Jacobus_Coutreman",
		"Composer Name": "Jacobus Coutreman",
		"Alias": "Couterman, Jacobus",
		"Description": "Composer; cleric; succentor; organist; scribe",
		"RISM Link": "https://rism.online/people/51016472",
		"Bibliography (BIB) ID": "BIB:Strohm_1985",
		"BIB Pages": "153",
		"Input data": "LO",
		"Date entered": "2024-8-24"
	},
	{
		"Biography Composer (BCO) ID": "BCO:Jacobus_de_Clibano",
		"Composer Name": "Jacobus de Clibano",
		"Description": "Composer; cleric; succentor; chaplain",
		"DIAMM Link": "https://www.diamm.ac.uk/people/177/",
		"Bibliography (BIB) ID": "BIB:Strohm_1985",
		"BIB Pages": "153",
		"Input data": "LO",
		"Date entered": "2024-8-24"
	},
	{
		"Biography Composer (BCO) ID": "BCO:Jacotin_Frontin",
		"Composer Name": "Jacotin Frontin",
		"Alias": "Frontin, Jacotin; Godebrie, Jacob; Godebrye, Jacob; Jacostin; Le Beel, Jacques; Le Bel, Jacotin; Level, Giacomo; Level, Jacobus; Level, Jacotinus; Level, Jacques",
		"RISM Link": "https://rism.online/people/30016657",
		"Input data": "BSO",
		"Date entered": "2024-2-14",
		"Update data": "BSO",
		"Date updated": "2025-2-12"
	},
	{
		"Biography Composer (BCO) ID": "BCO:Jacques_Arcadelt",
		"Composer Name": "Jacques Arcadelt",
		"Alias": "Arcadelt, Jacob; Arcadelt, Jacobus Henricus; Arcadelt, Jakob; Arcadente, Jacques; Arcadet, Jacques; Archadelt, Jacobus; Archadelt, Jakob; Archadet, Jacques; Arkadelt, Jacques; De Arca d'Elta, Jacques; Del Arche d'Elt, Jacques; Harcadelt, Jacques; Harchadelt, Jacques; Jacobus Flandrus",
		"Birth Date": "1507-8-10",
		"Death Date": "1568-10-14",
		"DIAMM Link": "https://www.diamm.ac.uk/people/286/",
		"RISM Link": "https://rism.online/people/30004860",
		"Input data": "BSO",
		"Date entered": "2024-3-19"
	},
	{
		"Biography Composer (BCO) ID": "BCO:Jacques_Champion",
		"Composer Name": "Jacques Champion",
		"Alias": "Champion, Jacques (II); Sieur de La Chapelle; Liegeois, Jaques; Champion, Jacobus; Champion, Jaques",
		"Description": "maitre des enffans at Imperial chapel of Charles V",
		"DIAMM Link": "https://www.diamm.ac.uk/people/626/",
		"Bibliography (BIB) ID": "BIB:Ferer_2014",
		"BIB Pages": "194-195, 198",
		"Input data": "AN",
		"Date entered": "2024-10-31"
	},
	{
		"Biography Composer (BCO) ID": "BCO:Jean_Conseil",
		"Composer Name": "Jean Conseil",
		"Alias": "Johannes",
		"DIAMM Link": "https://www.diamm.ac.uk/people/232/",
		"RISM Link": "https://rism.online/people/30025536",
		"Bibliography (BIB) ID": "BIB:Frey_1955",
		"BIB Pages": "178",
		"Input data": "SMB",
		"Date entered": "2025-4-30"
	},
	{
		"Biography Composer (BCO) ID": "BCO:Jean_Cousin",
		"Composer Name": "Jean Cousin",
		"Alias": "Escatefer",
		"Description": "composer",
		"DIAMM Link": "https://www.diamm.ac.uk/people/457/",
		"Bibliography (BIB) ID": "BIB:Perkins_1984",
		"BIB Pages": "531",
		"Input data": "SMB",
		"Date entered": "2024-9-22"
	},
	{
		"Biography Composer (BCO) ID": "BCO:Jean_de_la_Fage",
		"Composer Name": "Jean de la Fage",
		"Alias": "Fage, Jean de",
		"Description": "composer, probably French",
		"DIAMM Link": "https://www.diamm.ac.uk/people/282/",
		"RISM Link": "https://rism.online/people/30018710",
		"Input data": "BSO",
		"Date entered": "2024-3-19",
		"Update data": "BSO",
		"Date updated": "2025-2-12"
	},
	{
		"Biography Composer (BCO) ID": "BCO:Jean_de_Saint_Gille",
		"Composer Name": "Jean de Saint Gille",
		"Alias": "Lourdays",
		"Description": "Tenorist; Composer, but all works are lost",
		"Bibliography (BIB) ID": "BIB:Wegman_2009",
		"BIB Pages": "7-36"
	},
	{
		"Biography Composer (BCO) ID": "BCO:Jean_Lheritier",
		"Composer Name": "Jean Lhéritier",
		"Alias": "Heritier, Jean; Lheretier, Jean; Lherithier, Jean; Lirithier, Jean; Héritier, Jean; L'Héritier, Jean; Leretier, Jean; Lerithier, Jean; Lhiretier, Jean; Liritier, Jean",
		"DIAMM Link": "https://www.diamm.ac.uk/people/219/",
		"RISM Link": "https://rism.online/people/30012541",
		"Input data": "BSO",
		"Date entered": "2024-2-12"
	},
	{
		"Biography Composer (BCO) ID": "BCO:Jean_Mouton",
		"Composer Name": "Jean Mouton",
		"Alias": "D'Hollingue, Jehan; De Hollievigue, Jean; De Hollouigue, Jean; De Holluigue, Jean; De Houllievigues, Jean; Hollievigue, Jean; Hollingue, Jean de; Hollouigue, Jean; Holluigue, Jean; Houllievigues, Jean; Jean de Hollingue; Moton, Jean; Mouton Sameracensis, Jean; Mouton, Ioannes; Muton, Jean; Sameracensis, Jean",
		"Death Date": "1522-10-30",
		"DIAMM Link": "https://www.diamm.ac.uk/people/318/",
		"RISM Link": "https://rism.online/people/30005489",
		"Input data": "BSO",
		"Date entered": "2023-5-18",
		"Update data": "BSO",
		"Date updated": "2024-4-4"
	},
	{
		"Biography Composer (BCO) ID": "BCO:Jean_Richafort",
		"Composer Name": "Jean Richafort",
		"Alias": "Ricaforte, Jean; Ricartsvorde, Jean; Ricciaforte, Jean; Richaffort, Jean; Richaforth, Jean; Richauffort, Jean; Riçhaffort, Jean; Rycefort, Jean; Rÿchafort, Jean",
		"DIAMM Link": "https://www.diamm.ac.uk/people/214/",
		"RISM Link": "https://rism.online/people/30012751",
		"Input data": "BSO",
		"Date entered": "2024-4-5",
		"Update data": "BSO",
		"Date updated": "2025-2-12"
	},
	{
		"Biography Composer (BCO) ID": "BCO:Jehan_Fresneau",
		"Composer Name": "Jehan Fresneau",
		"Alias": "Fresneau, Joannes; Franau, Jehan; Franeau, Jean; Franeau, Jean; Frania, Jean de; Frania, Jehan de; Franier, Jean; Franier, Jehan; Frasnau, Jean; Frasnau, Jehan; Fremniau, Jo.; Fresneau, Jean",
		"Description": "composer",
		"DIAMM Link": "https://www.diamm.ac.uk/people/202/",
		"RISM Link": "https://rism.online/people/41016838",
		"Bibliography (BIB) ID": "BIB:Perkins_1984",
		"BIB Pages": "535",
		"Input data": "SMB",
		"Date entered": "2024-9-22",
		"Update data": "BSO",
		"Date updated": "2025-2-12"
	},
	{
		"Biography Composer (BCO) ID": "BCO:Jeronimus_de_Clibano",
		"Composer Name": "Jeronimus de Clibano",
		"Alias": "Clibano, Hieronimus; Clibano, Jerôme; Du Four, Jherome; de Clibano, Heronimus; de Clibano, Jeronimus; de Clibano, Jerôme; de Clibano, Jheronimo; de Clibano, Jheronimus",
		"Description": "Composer; chaplain; succentor; singer; from s'Hertogenbosch",
		"RISM Link": "https://rism.online/people/30102030",
		"Bibliography (BIB) ID": "BIB:Strohm_1985",
		"BIB Pages": "153",
		"Input data": "LO",
		"Date entered": "2024-8-24"
	},
	{
		"Biography Composer (BCO) ID": "BCO:Jheronimus_Vinders",
		"Composer Name": "Jheronimus Vinders",
		"Alias": "Vender, Hieronymus; Vender, Jorius; Venders, Hieronymus; Vinders, Jheronimus; Vindter, Hieronymus",
		"DIAMM Link": "https://www.diamm.ac.uk/people/508/",
		"RISM Link": "https://rism.online/people/30007720",
		"Bibliography (BIB) ID": "BIB:Jas_1994",
		"Input data": "BSO",
		"Date entered": "2024-3-16",
		"Update data": "BSO",
		"Date updated": "2025-2-12"
	},
	{
		"Biography Composer (BCO) ID": "BCO:Johannes_Baltazar",
		"Composer Name": "Johannes Baltazar",
		"Alias": "Jo. le Petit; Nynot?",
		"Description": "singer in the papal chapel 1488; 1489; 1490; 1491; 1492; 1493; 1494; 1501",
		"DIAMM Link": "https://www.diamm.ac.uk/people/144/",
		"RISM Link": "https://rism.online/people/30016722",
		"Bibliography (BIB) ID": "BIB:Sherr_1975",
		"BIB Pages": "30–37",
		"Internal notes": "There is a question as to whether he should be identified as Ninot Le Petit. Ninot is a diminutive of Jean/Giovanni, the most common name of the time, and because ‘le petit’ is unlikely to be a family name.",
		"Input data": "LO",
		"Date entered": "2023-5-24"
	},
	{
		"Biography Composer (BCO) ID": "BCO:Johannes_Beauseron",
		"Composer Name": "Johannes Beauseron",
		"Alias": "Bonnevin, Benevin, Beausseron, Beausiron, Bonnovi",
		"Description": "singer for Leo X",
		"DIAMM Link": "https://www.diamm.ac.uk/people/400/",
		"RISM Link": "https://rism.online/people/50041909",
		"Bibliography (BIB) ID": "BIB:Frey_1955",
		"BIB Pages": "179",
		"Input data": "SMB",
		"Date entered": "2025-5-1"
	},
	{
		"Biography Composer (BCO) ID": "BCO:Johannes_Boubert",
		"Composer Name": "Johannes Boubert",
		"Description": "Composer, cleric, succentor",
		"DIAMM Link": "https://www.diamm.ac.uk/people/2100/",
		"RISM Link": "https://rism.online/people/50035489",
		"Bibliography (BIB) ID": "BIB:Strohm_1985",
		"BIB Pages": "152",
		"Input data": "LO",
		"Date entered": "2024-8-23"
	},
	{
		"Biography Composer (BCO) ID": "BCO:Johannes_de_Stokem",
		"Composer Name": "Johannes de Stokem",
		"Alias": "De Prato, Johannes; Johannes [Stockem]; Johannes [Stokem]; Johannes [de Prato]; Johannes [de Stoccken]; Johannes [de Stochem]; Johannes [de Stokem]; Pratis, Johannes de; Prato, Johannes de; Shtoken, Johannes de; Sthokem, Johannes; Sthoken, Johannes de; Stoccken, Johannes de; Stochem, Johannes de; Stockem, Johannes; Stoeckem, Jean; Stoecken, Johannes de; Stokem, Jean; Stokem, Johannes de; Stoken, Johannes de; Stokhem, Johannes",
		"Death Date": "1487-10-3",
		"Description": "singer in the papel chapel 1486 and 1487; previously chapel master for the King of Hungary; Tinctoris dedicated his treatise to him; spent a few months in Florence before reaching Rome; composed some chansons and a Gloria de beata Virgine",
		"RISM Link": "https://rism.online/people/30101016",
		"Bibliography (BIB) ID": "BIB:Sherr_1975",
		"BIB Pages": "29",
		"Input data": "LO",
		"Date entered": "2023-3-28",
		"Update data": "BSO",
		"Date updated": "2023-5-9"
	},
	{
		"Biography Composer (BCO) ID": "BCO:Johannes_Ecghaert",
		"Composer Name": "Johannes Ecghaert",
		"Description": "Composer; succentor; chaplain; probably the composer \"Egardus\"",
		"Bibliography (BIB) ID": "BIB:Strohm_1985",
		"BIB Pages": "154",
		"Input data": "LO",
		"Date entered": "2024-8-24"
	},
	{
		"Biography Composer (BCO) ID": "BCO:Johannes_Ghiselin",
		"Composer Name": "Johannes Ghiselin",
		"Alias": "Geissling, Johannes; Geysling, Johannes; Ghiselain, Jean; Ghiselin, Jean; Ghiseling, Johannes; Ghisilinus, Johannes; Ghisling, Johannes; Giselin, Johannes; Giselinus, Johannes; Verbonet, Johannes; Verbonette, Johannes; Verbonnet, Jean; Verbonnet, Johannes",
		"Death Date": "1507",
		"DIAMM Link": "https://www.diamm.ac.uk/people/102/",
		"RISM Link": "https://rism.online/people/30012342",
		"Input data": "SMB",
		"Date entered": "2024-6-29",
		"Update data": "BSO",
		"Date updated": "2025-2-12"
	},
	{
		"Biography Composer (BCO) ID": "BCO:Johannes_Hillanis",
		"Composer Name": "Johannes Hillanis",
		"Alias": "De Aragonia; De Lannis; De Lyanas; De Yllanes; Ylianas; Yllianis",
		"Description": "singer in the papal chapel, 1492–1494; 1501–1503; 1507–1509; can be identified with the Johannes de Aragonia who first appears in July and August 1492, and is later referred to as Lennis or de Yllianis; (according to Frey) in the chapel in August 1513, September 1514, and September and April 1518; apparently left papal service in 1518; composer of a Missa Domenicalis in a Vatican source",
		"DIAMM Link": "https://www.diamm.ac.uk/people/413/",
		"RISM Link": "https://rism.online/people/50042034",
		"Bibliography (BIB) ID": "BIB:Sherr_1975",
		"BIB Pages": "34–42",
		"Input data": "LO",
		"Date entered": "2023-3-28",
		"Update data": "BSO",
		"Date updated": "2023-5-8"
	},
	{
		"Biography Composer (BCO) ID": "BCO:Johannes_Okeghem",
		"Composer Name": "Johannes Okeghem",
		"Alias": "Ockeghem, Johannes; Hocquegam, Johannes; Hocqueham, Johannes; Hoquegan, Johannes; Ogkeguam, Johannes; Okchem, Johannes; Okeghem, Johannes; Okegus, Johannes; Okenghem, Johannes; Okenheim, Johannes",
		"Death Date": "1497-2-6",
		"Description": "composer in the service of the French royal court",
		"DIAMM Link": "https://www.diamm.ac.uk/people/185/",
		"RISM Link": "https://rism.online/people/30016300",
		"Input data": "LO",
		"Date entered": "2024-1-19",
		"Update data": "BSO",
		"Date updated": "2024-1-19"
	},
	{
		"Biography Composer (BCO) ID": "BCO:Johannes_Pullois",
		"Composer Name": "Johannes Pullois",
		"Alias": "Kieken, Jean; Payllois, Jean; Pillais, Jean; Pillays, Jean; Pillois, Jean; Pilloys, Johannes; Piloys, Jean; Puilloys, Jean; Pullois, Jean; Pullois, Jehan; Pulloys, Jean; Puyllois, Johannes; Puylloys, Johannes; Pyllays, Johannes; Pyllois, Jean; Pylloys, Jean; Pylois, Jean; Pylois, Johannes; Pyloys, Jean",
		"Death Date": "1478-8-23",
		"DIAMM Link": "https://www.diamm.ac.uk/people/366/",
		"RISM Link": "https://rism.online/people/30102581",
		"Bibliography (BIB) ID": "BIB:Starr_1992",
		"BIB Pages": "257",
		"Input data": "LO",
		"Date entered": "2024-3-6"
	},
	{
		"Biography Composer (BCO) ID": "BCO:Johannes_Regis",
		"Composer Name": "Johannes Regis",
		"Alias": "Leroy, Jehan; Regis, Jean",
		"Description": "composer",
		"DIAMM Link": "https://www.diamm.ac.uk/people/149/",
		"RISM Link": "https://rism.online/people/30101081",
		"Input data": "SMB",
		"Date entered": "2024-8-17"
	},
	{
		"Biography Composer (BCO) ID": "BCO:Johannes_Scribanus",
		"Composer Name": "Johannes Scribanus",
		"Alias": "Scrivano, Scribano, Escribano",
		"Death Date": "1557",
		"Description": "singer in the papal chapel in 1503, 1507, 1508, and 1509; became Dean of the College of Singers in 1527; received benefices from Leo X, Adrian VI, Clement VII and Paul III; retired from service and died in Spain in 1557; author of Lamentations; composed a small number of works",
		"Bibliography (BIB) ID": "BIB:Sherr_1975",
		"BIB Pages": "39–42",
		"Input data": "LO",
		"Date entered": "2023-3-28",
		"Update data": "BSO",
		"Date updated": "2023-5-8"
	},
	{
		"Biography Composer (BCO) ID": "BCO:Johannes_Tinctoris",
		"Composer Name": "Johannes Tinctoris",
		"Alias": "De Vaerwere, Johannes; Faerbers, Johannes; Fäbers, Johannes; Le Taintenier, Jehan; Teinturier, Johannes; Tinctor, Johannes; Vaerwere, Johannes",
		"Death Date": "1511-2-9",
		"DIAMM Link": "https://www.diamm.ac.uk/people/108/",
		"RISM Link": "https://rism.online/people/30008613",
		"Input data": "LO",
		"Date entered": "2023-3-28",
		"Update data": "BSO",
		"Date updated": "2023-5-9"
	},
	{
		"Biography Composer (BCO) ID": "BCO:John_Forest",
		"Composer Name": "John Forest",
		"DIAMM Link": "https://www.diamm.ac.uk/people/137/",
		"Bibliography (BIB) ID": "BIB:Planchart_2018",
		"Input data": "SMB",
		"Date entered": "2024-8-21"
	},
	{
		"Biography Composer (BCO) ID": "BCO:John_Plummer",
		"Composer Name": "John Plummer",
		"Alias": "John, Plomer; John, Plourmel; John, Plumere; John, Plummer; John, Polmier; John, Polumier; Plomer, John; Plourmel, John; Plumere, John; Polmier, John; Polumier, John",
		"Birth Date": "1410",
		"Death Date": "1483",
		"Description": "composer at Chapel Royal (British)",
		"DIAMM Link": "https://www.diamm.ac.uk/people/359/",
		"RISM Link": "https://rism.online/people/41009372",
		"Bibliography (BIB) ID": "BIB:Bowers_2001",
		"Input data": "SMB",
		"Date entered": "2024-8-9"
	},
	{
		"Biography Composer (BCO) ID": "BCO:John_Pyamour",
		"Composer Name": "John Pyamour",
		"Alias": "Piamor, John",
		"Death Date": "1491",
		"Description": "composer at Chapel Royal (British)",
		"Bibliography (BIB) ID": "BIB:Bowers_2001",
		"Input data": "SMB",
		"Date entered": "2024-8-9"
	},
	{
		"Biography Composer (BCO) ID": "BCO:John_Sheppard",
		"Composer Name": "John Sheppard",
		"Alias": "Shepard, John; Sheperd, John; Shepheard, John; Sheppard, John",
		"Death Date": "1558-12",
		"Description": "composer at Chapel Royal (British)",
		"DIAMM Link": "https://www.diamm.ac.uk/people/958/",
		"RISM Link": "https://rism.online/people/30004071",
		"Bibliography (BIB) ID": "BIB:Bowers_2001",
		"Input data": "SMB",
		"Date entered": "2024-8-9"
	},
	{
		"Biography Composer (BCO) ID": "BCO:Josquin_des_Prez",
		"Composer Name": "Josquin des Prez",
		"Alias": "De Pres; Deprez, Josquin; Deprès, Josquin; Des Prez; Des Près, Josse; Des Prés, Josquin; Desprez, Josquin; Desprez, Josse; Després, Josquin; Du Pres; Dupré, Josquin; Gossequin des Pres; Ioschinus de Pratis; Ioschinus de Prattis; Iuschino; Jodocus [Pratensis]; Jodocus [de Prato]; Jodocus a Prato; Jodocus de Pratis; Josquin Dascanio; Josquin [Deprez]; Josquin [des Pres]; Josquin d'Ascanio; Josquin des Prés; Josse Desprez; Josse [des Prés]; Jossequin Lebloitte dit Desprez; Jossequin des Pres; Judocus de Pratis; Judocus des Pres; Juschino; Jöskin; Praetensis, Jodici; Pres, Josquin de; Prez, Josquin des; Prés, Josquin D.; Prés, Josquin des; Josquin [des Prez]",
		"Birth Date": "1450",
		"Death Date": "1521-8-27",
		"DIAMM Link": "https://www.diamm.ac.uk/people/204/",
		"RISM Link": "https://rism.online/people/20000367",
		"Input data": "BSO",
		"Date entered": "2023-5-17"
	},
	{
		"Biography Composer (BCO) ID": "BCO:Juan_Cornago",
		"Composer Name": "Juan Cornago",
		"Description": "composer at Neapolitan court"
	},
	{
		"Biography Composer (BCO) ID": "BCO:Loyset_Compere",
		"Composer Name": "Loyset Compere",
		"Death Date": "1518-8-16",
		"DIAMM Link": "https://www.diamm.ac.uk/people/183/",
		"RISM Link": "https://rism.online/people/30005358",
		"Input data": "BSO",
		"Date entered": "2023-3-9",
		"Update data": "BSO",
		"Date updated": "2023-5-9"
	},
	{
		"Biography Composer (BCO) ID": "BCO:Lupus_Hellinck",
		"Composer Name": "Lupus Hellinck",
		"Alias": "Hellin, Lupus; Hellinc, Lupus; Hellync, Lupus; Hellynck, Lupus; Lupi, Lupus; Lupus, Lupus; Wolfhard, Lupus; Wolfram, Lupus; Wulfaert, Lupus; Wulframus, Lupus",
		"DIAMM Link": "https://www.diamm.ac.uk/people/264/",
		"RISM Link": "https://rism.online/people/30006996",
		"Input data": "BSO",
		"Date entered": "2024-3-18",
		"Update data": "BSO",
		"Date updated": "2025-2-12"
	},
	{
		"Biography Composer (BCO) ID": "BCO:Maistre_Jan",
		"Composer Name": "Maistre Jan",
		"Alias": "Gallus, Joannes; Gallus, Joannes Metre Jehan; Johannes de Ferrara; Le Cocq, Jean; M. Ian; Maistre Jam; Maistre Jan; Maistre Jehan; Metre Jehan",
		"DIAMM Link": "https://www.diamm.ac.uk/people/218/",
		"Input data": "SMB",
		"Date entered": "2024-10-31",
		"Update data": "BSO",
		"Date updated": "2025-2-12"
	},
	{
		"Biography Composer (BCO) ID": "BCO:Marbrianus_de_Orto",
		"Composer Name": "Marbrianus de Orto",
		"Alias": "De Horto, Marbrianus de; De Orto, Marbrianus; Dujardin, Marbrianus; Dujardin, Marbrianus de; Horto, Marbrianus de; Ortho, Marbrianus de; Orto, Marbriano de; Orto, Marbrian de; de Uvto, Marberian; de Ortho, Marbrian; des Orts, Mabairen; des Orto, Mabairen; de Orto, Mabarien",
		"Death Date": "1529",
		"Description": "singer in the papal chapel from 1484–94; enters the chapel of Sixtus IV in December 1483; self-inscribed in the Confraternità di Santo Spirito in Sassia on 1484-06-07; had more than twelve benefices; Sherr notes that de Orto \"must have been a valued singer\"",
		"DIAMM Link": "https://www.diamm.ac.uk/people/301/",
		"RISM Link": "https://rism.online/people/30013316",
		"Bibliography (BIB) ID": "BIB:Sherr_1975",
		"BIB Pages": "26–36",
		"Input data": "LO",
		"Date entered": "2023-3-28",
		"Update data": "BSO",
		"Date updated": "2023-5-9"
	},
	{
		"Biography Composer (BCO) ID": "BCO:Mathieu_Gascongne",
		"Composer Name": "Mathieu Gascongne",
		"Alias": "Gascogne, Mathieu; Gascone, Mathieu; Gascong, Mathieu; Gascongne, Johannes; Gascongus, Mathieu; Gasconia, Mathieu; Gasscoeing, Mathieu; Guascogna, Mathieu",
		"DIAMM Link": "https://www.diamm.ac.uk/people/227/",
		"RISM Link": "https://rism.online/people/30022179",
		"Input data": "BSO",
		"Date entered": "2024-4-5",
		"Update data": "BSO",
		"Date updated": "2025-2-12"
	},
	{
		"Biography Composer (BCO) ID": "BCO:Matteo_di_Paolo",
		"Composer Name": "Matteo di Paolo",
		"Description": "Composer in Florence",
		"Internal notes": "no surviving pieces",
		"Input data": "SMB",
		"Date entered": "2024-11-14"
	},
	{
		"Biography Composer (BCO) ID": "BCO:Matthaeus_Pipelare",
		"Composer Name": "Matthaeus Pipelare",
		"DIAMM Link": "https://www.diamm.ac.uk/people/147/",
		"RISM Link": "https://rism.online/people/30016483",
		"Bibliography (BIB) ID": "BIB:Cross_1963",
		"Input data": "SMB",
		"Date entered": "2025-3-19"
	},
	{
		"Biography Composer (BCO) ID": "BCO:Nicasius_de_Brauwere",
		"Composer Name": "Nicasius de Brauwere",
		"Alias": "Braxatoris",
		"Description": "Composer, succentor",
		"DIAMM Link": "https://www.diamm.ac.uk/people/429/",
		"Bibliography (BIB) ID": "BIB:Strohm_1985",
		"BIB Pages": "152",
		"Input data": "LO",
		"Date entered": "2024-8-23"
	},
	{
		"Biography Composer (BCO) ID": "BCO:Niccolo_de_Pictis",
		"Composer Name": "Niccolò de Pictis",
		"Alias": "Pittis",
		"Description": "he came from Florence, and was a favorite of Leo X who appointed him Prior; a letter written by him to Clement VII in November 1528, states that he was forced to flee Rome following the sack of the city in May 1527; composed 3 masses, 3 magnificats and 5 motets during his absence; may be the composer of the Salve Regina (by Nicolo Florentinus?); possibly died 1529",
		"DIAMM Link": "https://www.diamm.ac.uk/people/409/",
		"RISM Link": "https://rism.online/people/50042010",
		"Bibliography (BIB) ID": "BIB:Sherr_1975; BIB:Sherr_1984",
		"BIB Pages": "40–42; 403",
		"Input data": "LO",
		"Date entered": "2023-3-28",
		"Update data": "BSO",
		"Date updated": "2024-3-19"
	},
	{
		"Biography Composer (BCO) ID": "BCO:Nicolas_Champion",
		"Composer Name": "Nicolas Champion",
		"Alias": "Campion, Nicolas; Champion, Clais; Champion, Nicolaus; Le Liegeois; Le Liégeois; Nicolas Liegeois; Nicolas Liégeois; Sampion, Nicolas; Scampion, Nicolas; Scompianus, Nicolas; le Liégeois, Clais; le Liégois, Clais",
		"Birth Date": "~1470-5",
		"Death Date": "1533",
		"Description": "composer, priest, singer; maitre de la chapelle at Imperial chapel of Charles V",
		"DIAMM Link": "https://www.diamm.ac.uk/people/627/",
		"RISM Link": "https://rism.online/people/30102560",
		"Bibliography (BIB) ID": "BIB:Ferer_2014",
		"BIB Pages": "198",
		"Input data": "AN",
		"Date entered": "2024-10-31",
		"Update data": "BSO",
		"Date updated": "2025-2-12"
	},
	{
		"Biography Composer (BCO) ID": "BCO:Nicolas_Gombert",
		"Composer Name": "Nicolas Gombert",
		"Alias": "Ghonbert, Nicolas; Gumbert, Nicolas; Gobert, Nicolas; Gumbert, Nicolle; Gumbert, Nicole; Gombert, Nicolaus",
		"Description": "composer",
		"DIAMM Link": "https://www.diamm.ac.uk/people/263/",
		"RISM Link": "https://rism.online/people/30006168",
		"Bibliography (BIB) ID": "BIB:Ferer_2014",
		"BIB Pages": "198",
		"Input data": "AN",
		"Date entered": "2024-10-28",
		"Update data": "BSO",
		"Date updated": "2025-2-12"
	},
	{
		"Biography Composer (BCO) ID": "BCO:Nicolas_Payen",
		"Composer Name": "Nicolas Payen",
		"Alias": "Colin, Nicolas; Paen, Nicolas; Paien, Nicolas; Payen, Colin; Payen, Nycolas; Payen, Cornelis; Payen, Nicolle",
		"Birth Date": "~1512",
		"Death Date": "1559",
		"Description": "composer, maitre de la chapelle at Imperial chapel of Charles V",
		"DIAMM Link": "https://www.diamm.ac.uk/people/1248/",
		"RISM Link": "https://rism.online/people/30008617",
		"Bibliography (BIB) ID": "BIB:Ferer_2014",
		"BIB Pages": "198",
		"Input data": "AN",
		"Date entered": "2024-11-5",
		"Update data": "BSO",
		"Date updated": "2025-2-12"
	},
	{
		"Biography Composer (BCO) ID": "BCO:Nicolaus_Craen",
		"Composer Name": "Nicolaus Craen",
		"Alias": "Claes, Nicolaes; Claessen, Nicolaus; Craen, Nicolas; Cràn, Nicolaus; De Craen, Nicolaus; Van Craen, Nicolaus",
		"Description": "Composer",
		"DIAMM Link": "https://www.diamm.ac.uk/people/267/",
		"RISM Link": "https://rism.online/people/30016301",
		"Bibliography (BIB) ID": "BIB:Nosow_2021",
		"BIB Pages": "255",
		"Input data": "SMB",
		"Date entered": "2025-1-16",
		"Update data": "BSO",
		"Date updated": "2025-2-12"
	},
	{
		"Biography Composer (BCO) ID": "BCO:Nicole_Grenon",
		"Composer Name": "Nicole Grenon",
		"Alias": "Grenon, Nicolas; Grenon, Nicolaus; Grenon, Nicole",
		"Death Date": "1456-10-17",
		"Description": "Composer",
		"DIAMM Link": "https://www.diamm.ac.uk/people/97/",
		"RISM Link": "https://rism.online/people/30109807",
		"Bibliography (BIB) ID": "BIB:Planchart_2018",
		"BIB Pages": "265",
		"Input data": "SMB",
		"Date entered": "2024-9-15",
		"Update data": "BSO",
		"Date updated": "2025-2-12"
	},
	{
		"Biography Composer (BCO) ID": "BCO:Noel_Bauldeweyn",
		"Composer Name": "Noel Bauldeweyn",
		"Alias": "Balbun, Noel; Balduin, Noel; Balduini, Natalis; Balduinus, Noel; Baldwyn, Noel; Baubdweyn, Noel; Baudouyn, Noel; Bauldewijn, Noel; Baulduin, Noel; Baulduinus, Noel; Baulduvin, Noel; Baydouyn, Noel; Bouldewijen, Noel; Maester Noél, Noel; Meester Noel, Noel; Noe; Valdobin, Noel; Valdovin, Noel; Valduin, Noel",
		"DIAMM Link": "https://www.diamm.ac.uk/people/265/",
		"RISM Link": "https://rism.online/people/30001642",
		"Input data": "BSO",
		"Date entered": "2024-3-16",
		"Update data": "BSO",
		"Date updated": "2025-2-12"
	},
	{
		"Biography Composer (BCO) ID": "BCO:Oswald_von_Wolkenstein",
		"Composer Name": "Oswald von Wolkenstein",
		"Alias": "Wolkenstein, Oswald von; Wolkensteiner",
		"Description": "Composer",
		"DIAMM Link": "https://www.diamm.ac.uk/people/1063/",
		"RISM Link": "https://rism.online/people/30008941",
		"Bibliography (BIB) ID": "BIB:Planchart_2018",
		"BIB Pages": "54",
		"Input data": "SMB",
		"Date entered": "2024-8-30",
		"Update data": "BSO",
		"Date updated": "2025-2-12"
	},
	{
		"Biography Composer (BCO) ID": "BCO:Pere_Oriola",
		"Composer Name": "Pere Oriola",
		"Description": "composer at Neapolitan court",
		"DIAMM Link": "https://www.diamm.ac.uk/people/376/",
		"Bibliography (BIB) ID": "BIB:Atlas_1985",
		"Input data": "SMB",
		"Date entered": "2024-8-9"
	},
	{
		"Biography Composer (BCO) ID": "BCO:Petrus_de_Renaldis",
		"Composer Name": "Petrus de Renaldis",
		"Alias": "Renaldo",
		"Death Date": "1521-1",
		"Description": "magister chori at Padua Cathedral",
		"DIAMM Link": "https://www.diamm.ac.uk/people/78/",
		"Bibliography (BIB) ID": "BIB:Nosow_1991",
		"BIB Pages": "108",
		"Input data": "BSO",
		"Date entered": "2024-3-18"
	},
	{
		"Biography Composer (BCO) ID": "BCO:Philippe_Basiron",
		"Composer Name": "Philippe Basiron",
		"Alias": "Barizon, Philippe; Basseron, Philippe; Bassiron, Philippe; Bassiron, Philippus; Baziron, Philippe; Bazyron, Philippe; Phelippon de Bourges, Philippe; Phelippon, Philippe; Philippon, Philippe",
		"Death Date": "1491-5-31",
		"Description": "Composer, Bourges",
		"DIAMM Link": "https://www.diamm.ac.uk/people/198/",
		"RISM Link": "https://rism.online/people/30016303",
		"Input data": "SMB",
		"Date entered": "2024-8-10",
		"Update data": "BSO",
		"Date updated": "2025-2-12"
	},
	{
		"Biography Composer (BCO) ID": "BCO:Philippe_Verdelot",
		"Composer Name": "Philippe Verdelot",
		"Alias": "Des Loges, Philippe; Deslouges, Philippe; Verdelotto, Philippe",
		"DIAMM Link": "https://www.diamm.ac.uk/people/249/",
		"RISM Link": "https://rism.online/people/30013948",
		"Input data": "BSO",
		"Date entered": "2024-3-17",
		"Update data": "BSO",
		"Date updated": "2025-2-12"
	},
	{
		"Biography Composer (BCO) ID": "BCO:Philippus_de_Primis",
		"Composer Name": "Philippus de Primis",
		"Description": "singer in the papal chapel 1492–1494; 1501–1503; 1507; probably entered the chapel in November, 1491, since he is subject to a letter from the Duke of Ferrara to his Roman ambassador complaining that Primis has left his service; his name is crossed out in April 1507, although he is counted in the payment; possibly the Philipo de Primis from Fano who wrote a mass and was a tenorista in the chapel of Julius II, as mentioned in a letter from the theorist Spataro to Venetian musician Giovanni del Lago on 1529-01-25",
		"Bibliography (BIB) ID": "BIB:Sherr_1975",
		"BIB Pages": "34–40",
		"Input data": "LO",
		"Date entered": "2023-3-28",
		"Update data": "BSO",
		"Date updated": "2023-5-9"
	},
	{
		"Biography Composer (BCO) ID": "BCO:Pierre_de_la_Rue",
		"Composer Name": "Pierre de la Rue",
		"Alias": "De Platea; De Robore; De Vico; Delarue, Pierre; Larue, Pierre de; Petrus Platensis; Petrus de Vico; Pierazzon, Pierre de; Pierchon, Pierre de; Pierquin, Pierre de; Pierson, Pierre de; Rue, Pierre de; Straeten, Pieter van der; Vander Straeten, Pierre de",
		"Death Date": "1518-11-20",
		"DIAMM Link": "https://www.diamm.ac.uk/people/142/",
		"RISM Link": "https://rism.online/people/30001841",
		"Input data": "LO",
		"Date entered": "2024-1-19",
		"Update data": "BSO",
		"Date updated": "2024-1-19"
	},
	{
		"Biography Composer (BCO) ID": "BCO:Robert_Fayrfax",
		"Composer Name": "Robert Fayrfax",
		"Alias": "Fairfax, Robert; Fayrefax, Robert",
		"Birth Date": "1464-4-23",
		"Death Date": "1521-8-24",
		"Description": "composer at Chapel Royal (British)",
		"DIAMM Link": "https://www.diamm.ac.uk/people/2442/",
		"RISM Link": "https://rism.online/people/30008185",
		"Bibliography (BIB) ID": "BIB:Bowers_2001",
		"Input data": "SMB",
		"Date entered": "2024-8-9",
		"Update data": "BSO",
		"Date updated": "2025-2-12"
	},
	{
		"Biography Composer (BCO) ID": "BCO:Ruffino_Bartolucci",
		"Composer Name": "Ruffino Bartolucci",
		"Alias": "Bartolucci, Rofino; Magistro Rofino; Rofino, Maestro; Rophin, Ruffino; Ruffino d'Assisi; Rufino, Fra",
		"Death Date": "1541?",
		"DIAMM Link": "https://www.diamm.ac.uk/people/1912/",
		"Bibliography (BIB) ID": "BIB:Cattin_1991",
		"Input data": "SMB",
		"Date entered": "2024-10-23",
		"Update data": "BSO",
		"Date updated": "2025-2-12"
	},
	{
		"Biography Composer (BCO) ID": "BCO:Symon_le_Breton",
		"Composer Name": "Symon le Breton",
		"Description": "Composer",
		"DIAMM Link": "https://www.diamm.ac.uk/people/346/",
		"Bibliography (BIB) ID": "BIB:Planchart_2018",
		"BIB Pages": "210",
		"Input data": "SMB",
		"Date entered": "2024-8-31"
	},
	{
		"Biography Composer (BCO) ID": "BCO:Thomas_Crecquillon",
		"Composer Name": "Thomas Crecquillon",
		"Alias": "Carchillion, Thomas; Carchillon, Thomas; Chrequillon, Thomas; Crecguillon, Thomas; Crechillon, Thomas; Crecquillon, Thomas; Creguillon, Thomas; Crequillon, Thomas; Crequillonis, Thomas; Crequilon, Thomas; Cricquillon, Thomas; Criquillon, Thomas; Croquillon, Thomas; Crycquillyon, Thomas; Créquillon, Thomas; Cyrquillon, Thomas; Grequillon, Thomas; Griquillon, Thomas; Krequillon, Thomas; Krequilon, Thomas; Trequillion, Thomas",
		"Birth Date": "~1505",
		"Death Date": "~1557",
		"Description": "composer, clergyman, singer, maitre de la chapelle at Imperial chapel of Charles V",
		"DIAMM Link": "https://www.diamm.ac.uk/people/418/",
		"RISM Link": "https://rism.online/people/30005361",
		"Bibliography (BIB) ID": "BIB:Ferer_2014",
		"BIB Pages": "198",
		"Input data": "AN",
		"Date entered": "2024-11-5"
	},
	{
		"Biography Composer (BCO) ID": "BCO:Thomas_Fabri",
		"Composer Name": "Thomas Fabri",
		"Description": "Composer; cleric; succentor",
		"DIAMM Link": "https://www.diamm.ac.uk/people/461/",
		"Bibliography (BIB) ID": "BIB:Strohm_1985",
		"BIB Pages": "154",
		"Input data": "LO",
		"Date entered": "2024-8-24"
	},
	{
		"Biography Composer (BCO) ID": "BCO:Thomas_Tallis",
		"Composer Name": "Thomas Tallis",
		"Alias": "Talis, Thomas; Talles, Thomas; Tallys, Thomas; Talys, Thomas",
		"Death Date": "1585-11-23",
		"Description": "composer at Chapel Royal (British)",
		"DIAMM Link": "https://www.diamm.ac.uk/people/194/",
		"RISM Link": "https://rism.online/people/30004082",
		"Bibliography (BIB) ID": "BIB:Bowers_2001",
		"Input data": "SMB",
		"Date entered": "2024-8-9",
		"Update data": "BSO",
		"Date updated": "2025-2-12"
	},
	{
		"Biography Composer (BCO) ID": "BCO:Vincenet",
		"Composer Name": "Vincenet",
		"Description": "composer at Neapolitan court (n.b. different from Johannes Vincenet)",
		"Input data": "SMB",
		"Date entered": "2024-8-9",
		"Update data": "BSO",
		"Date updated": "2025-2-12"
	},
	{
		"Biography Composer (BCO) ID": "BCO:Vincent_du_Bruequet",
		"Composer Name": "Vincent du Bruequet",
		"Alias": "Vincenet, Johannes",
		"Death Date": "1479",
		"Description": "Composer",
		"Bibliography (BIB) ID": "BIB:Planchart_2018",
		"BIB Pages": "245",
		"Input data": "SMB",
		"Date entered": "2024-9-8",
		"Update data": "BSO",
		"Date updated": "2025-2-12"
	},
	{
		"Biography Composer (BCO) ID": "BCO:Vincent_Misonne",
		"Composer Name": "Vincent Misonne",
		"Alias": "Vincentius, Mysonne, Missonne, Mizonne",
		"Birth Date": "~1490",
		"Death Date": "1550-4-7",
		"Description": "Composer in Rome",
		"DIAMM Link": "https://www.diamm.ac.uk/people/281/",
		"RISM Link": "https://rism.online/people/50041904",
		"Bibliography (BIB) ID": "BIB:Frey_1955",
		"BIB Pages": "195",
		"Input data": "SMB",
		"Date entered": "2026-1-7"
	},
	{
		"Biography Composer (BCO) ID": "BCO:William_Cornysh",
		"Composer Name": "William Cornysh",
		"Alias": "Cornenysch, William; Cornish, William; Cornishe, William; Cornissh, William; Cornys, William; Cornysche, William; Cornyshe, William; Cornyssh, William; Cornysshe, William; Kornyche, William; William [Cornish]; William [Cornishe]; William [Cornysh]; William [Cornyshe]",
		"Death Date": "1523-8",
		"Description": "composer at Chapel Royal (British)",
		"DIAMM Link": "https://www.diamm.ac.uk/people/536/",
		"RISM Link": "https://rism.online/people/30101129",
		"Bibliography (BIB) ID": "BIB:Bowers_2001",
		"Input data": "SMB",
		"Date entered": "2024-8-9",
		"Update data": "BSO",
		"Date updated": "2025-2-12"
	},
	{
		"Biography Composer (BCO) ID": "BCO:John_Dunstaple",
		"Composer Name": "John Dunstaple",
		"Alias": "Dunstable, John; Dunstapell, John; Dumstable, John; Donstaple, John",
		"Birth Date": "~1390",
		"Death Date": "1453-12-24",
		"Description": "composer",
		"RISM Link": "https://rism.online/people/30020903",
		"Bibliography (BIB) ID": "BIB:Bent_1981; BIB:Bent_2001; BIB:Bent_2004",
		"Input data": "FEM",
		"Date entered": "2025-03-01"
	},
	{
		"Biography Composer (BCO) ID": "BCO:Johannes_Martini",
		"Composer Name": "Johannes Martini",
		"Birth Date": "1440",
		"Death Date": "~1497-8",
		"Description": "composer, Brother of Piero Martini",
		"DIAMM Link": "https://www.diamm.ac.uk/people/181/",
		"RISM Link": "https://rism.online/people/30033934",
		"Bibliography (BIB) ID": "BIB:Wilson_2006",
		"BIB Pages": "135",
		"Input data": "SC",
		"Date entered": "2025-06-19"
	},
	{
		"Biography Composer (BCO) ID": "BCO:Pietro_Aaron",
		"Composer Name": "Pietro Aaron",
		"Birth Date": "1480",
		"Death Date": "~1545",
		"Description": "composer, music theorest",
		"DIAMM Link": "https://www.diamm.ac.uk/people/3175/",
		"RISM Link": "https://rism.online/people/30068881",
		"Bibliography (BIB) ID": "BIB:Wilson_2006",
		"BIB Pages": "133",
		"Input data": "SC",
		"Date entered": "2025-06-19"
	},
	{
		"Biography Composer (BCO) ID": "BCO:Niccolo_di_Lore",
		"Composer Name": "Niccolo di Lore",
		"Description": "singer, composer",
		"Bibliography (BIB) ID": "BIB:Wilson_2006",
		"BIB Pages": "116",
		"Input data": "SC",
		"Date entered": "2025-06-19"
	},
	{
		"Biography Composer (BCO) ID": "BCO:Bartolomeo",
		"Composer Name": "Bartolomeo",
		"Alias": "Bartolomeo degli Organi",
		"Birth Date": "12-24-1474",
		"Death Date": "12-12-1539",
		"Description": "singer, composer, organist",
		"DIAMM Link": "https://www.diamm.ac.uk/people/337/",
		"RISM Link": "https://rism.online/people/30005328",
		"Bibliography (BIB) ID": "BIB:Wilson_2006",
		"BIB Pages": "114",
		"Input data": "SC",
		"Date entered": "2025-06-19"
	},
	{
		"Biography Composer (BCO) ID": "BCO:Jacobus_Vaet",
		"Composer Name": "Jacobus Vaet",
		"Alias": "Vasius, Jacobus",
		"Birth Date": "1529",
		"Death Date": "1567-08-01",
		"Description": "singer at Imperial chapel of Charles V",
		"DIAMM Link": "https://www.diamm.ac.uk/people/707/",
		"RISM Link": "https://rism.online/people/30012872",
		"Bibliography (BIB) ID": "BIB:Ferer_2012",
		"BIB Pages": "262",
		"Input data": "AN",
		"Date entered": "2025-08-26"
	},
	{
		"Biography Composer (BCO) ID": "BCO:Juan_de_Anchieta",
		"Composer Name": "Juan de Anchieta",
		"Birth Date": "~1462",
		"Death Date": "1523",
		"Description": "composer and singer at chapel of Juana I",
		"DIAMM Link": "https://www.diamm.ac.uk/people/569/",
		"RISM Link": "https://rism.online/people/30074713",
		"Bibliography (BIB) ID": "BIB:Ferer_2012",
		"BIB Pages": "35–36",
		"Input data": "AN",
		"Date entered": "2025-08-27"
	}
]