[
	{
		"Institution ID (INS)": "INS:Chapel_Louis_XII",
		"Institution Name": "Chapel of Louis XII",
		"Alias": "French royal court",
		"Institution Type": "political",
		"Institution Description": "chapel of King Louis XII, who reigned from 1498–1515",
		"Input data": "BSO",
		"Date entered": "2024-4-4"
	},
	{
		"Institution ID (INS)": "INS:Chapel_Anne_Brittany",
		"Institution Name": "Chapel of Anne of Brittany",
		"Alias": "French royal court",
		"Institution Type": "political",
		"Institution Description": "chapel of Anne of Brittany, queen from 1491 to 1498 and 1499 to 1514",
		"Input data": "BSO",
		"Date entered": "2024-4-4"
	},
	{
		"Institution ID (INS)": "INS:Chapel_Francis_I",
		"Institution Name": "Chapel of Francis I",
		"Alias": "French royal court",
		"Institution Type": "political",
		"Institution Description": "chapel of Francis I, king from 1515 to 1547",
		"Input data": "BSO",
		"Date entered": "2024-4-5"
	},
	{
		"Institution ID (INS)": "INS:Court_Ferrara",
		"Institution Name": "Court of Ferrara",
		"Alias": "Ferrarese Court",
		"Institution Type": "political",
		"Input data": "BSO",
		"Date entered": "2024-4-9"
	},
	{
		"Institution ID (INS)": "INS:Cappella_Sistina",
		"Institution Name": "Cappella Sistina",
		"Alias": "Sistine Chapel",
		"Institution Type": "ecclesiastical",
		"Input data": "BSO",
		"Date entered": "2024-4-11"
	},
	{
		"Institution ID (INS)": "INS:Chapel_Rene_Anjou",
		"Institution Name": "Chapel of René of Anjou",
		"Institution Type": "political",
		"Input data": "FEM",
		"Date entered": "2024-4-12"
	},
	{
		"Institution ID (INS)": "INS:Troyes_Cathedral",
		"Institution Name": "Troyes Cathedral",
		"Institution Type": "ecclesiastical",
		"Input data": "SMB",
		"Date entered": "2024-6-7"
	},
	{
		"Institution ID (INS)": "INS:Chapel_Charles_I",
		"Institution Name": "Chapel of Charles I",
		"Institution Type": "political",
		"Institution Description": "Chapel of Charles I, Duke of Savoy, and Bianca of Monferrato",
		"Input data": "SMB",
		"Date entered": "2024-6-8"
	},
	{
		"Institution ID (INS)": "INS:Chapel_Maximilian_I",
		"Institution Name": "Chapel of Maximilian I",
		"Institution Type": "political",
		"Institution Description": "Chapel of Maximilian I, Holy Roman Emperor",
		"Input data": "SMB",
		"Date entered": "2024-6-22"
	},
	{
		"Institution ID (INS)": "INS:Chapel_Philip_Fair",
		"Institution Name": "Chapel of Philip the Fair",
		"Alias": "Habsburg-Burgundian court chapel",
		"Institution Type": "political",
		"Institution Description": "Chapel of Philip the Fair, duke of Burgundy 1482-1506",
		"Input data": "SMB",
		"Date entered": "2024-7-25"
	},
	{
		"Institution ID (INS)": "INS:Chapel_Marguerite_Austria",
		"Institution Name": "Chapel of Marguerite of Austria",
		"Alias": "Habsburg-Burgundian court chapel",
		"Institution Type": "political",
		"Institution Description": "Chapel of Marguerite of Austria, Governor of the Habsburg Netherlands",
		"Input data": "SMB",
		"Date entered": "2024-8-4"
	},
	{
		"Institution ID (INS)": "INS:Chapel_Ferdinand_II",
		"Institution Name": "Chapel of Ferdinand II",
		"Alias": "\"the Catholic\"",
		"Institution Type": "political",
		"Input data": "SMB",
		"Date entered": "2024-8-9"
	},
	{
		"Institution ID (INS)": "INS:Chapel_Ferdinand_I",
		"Institution Name": "Chapel of Ferdinand I",
		"Institution Type": "political",
		"Input data": "SMB",
		"Date entered": "2024-8-11"
	},
	{
		"Institution ID (INS)": "INS:Chapel_Sigismondo",
		"Institution Name": "Chapel of Sigismondo d'Este",
		"Institution Type": "political",
		"Institution Description": "Chapel of Sigismondo d'Este",
		"Input data": "SMB",
		"Date entered": "2024-8-16"
	},
	{
		"Institution ID (INS)": "INS:Leo_Secreti",
		"Institution Name": "Chapel of Pope Leo X",
		"Institution Type": "ecclesiastical",
		"Institution Description": "Private chapel of Pope Leo X",
		"Input data": "SMB",
		"Date entered": "2024-8-16"
	},
	{
		"Institution ID (INS)": "INS:Saint_Vincent",
		"Institution Name": "Soignies, Collegiate Church of Saint-Vincent",
		"Institution Type": "ecclesiastical",
		"Institution Description": "Church in Soignies",
		"Input data": "SMB",
		"Date entered": "2024-8-17"
	},
	{
		"Institution ID (INS)": "INS:Cambrai_Cathedral",
		"Institution Name": "Cambrai Cathedral",
		"Institution Type": "ecclesiastical",
		"Input data": "SMB",
		"Date entered": "2024-8-17"
	},
	{
		"Institution ID (INS)": "INS:St_Gery",
		"Institution Name": "Cambrai, Saint-Géry",
		"Institution Type": "ecclesiastical",
		"Institution Description": "Church in Cambrai",
		"Input data": "SMB",
		"Date entered": "2024-8-18"
	},
	{
		"Institution ID (INS)": "INS:Chapel_Martin_V",
		"Institution Name": "Chapel of Pope Martin V",
		"Institution Type": "ecclesiastical",
		"Institution Description": "Chapel of Pope Martin V",
		"Input data": "SMB",
		"Date entered": "2024-8-21"
	},
	{
		"Institution ID (INS)": "INS:Chapel_Alfonso_Carillo",
		"Institution Name": "Chapel of Alfonso Carillo",
		"Institution Type": "ecclesiastical",
		"Institution Description": "Chapel of bologna legate Carillo",
		"Input data": "SMB",
		"Date entered": "2024-8-21"
	},
	{
		"Institution ID (INS)": "INS:Chapel_Louis_Alemand",
		"Institution Name": "Chapel of Louis Alemand",
		"Institution Type": "ecclesiastical",
		"Institution Description": "Chapel of Bishop of Arles, later Cardinal",
		"Input data": "SMB",
		"Date entered": "2024-8-22"
	},
	{
		"Institution ID (INS)": "INS:Papal_Chapel_Florence",
		"Institution Name": "Chapel of Pope Eugenius IV",
		"Institution Type": "ecclesiastical",
		"Institution Description": "Papal chapel in Florence",
		"Input data": "SMB",
		"Date entered": "2024-8-22"
	},
	{
		"Institution ID (INS)": "INS:Chapel_Louis_Savoy",
		"Institution Name": "Chapel of Louis I",
		"Institution Type": "political",
		"Institution Description": "Duke of Savoy, 1440-1465",
		"Input data": "SMB",
		"Date entered": "2024-9-8"
	},
	{
		"Institution ID (INS)": "INS:St_Gertrude",
		"Institution Name": "Nivelles, Collegiate Church of St. Gertrude",
		"Institution Type": "ecclesiastical",
		"Institution Description": "St Gertrude collegiate church",
		"Input data": "SMB",
		"Date entered": "2024-9-14"
	},
	{
		"Institution ID (INS)": "INS:Chapel_Corvinius",
		"Institution Name": "Chapel of Mathias Corvinius",
		"Alias": "Hungarian royal court",
		"Institution Type": "political",
		"Institution Description": "Chapel of Mathias Corvinius, King of Hungary",
		"Input data": "SMB",
		"Date entered": "2024-9-14"
	},
	{
		"Institution ID (INS)": "INS:Saint_Martin",
		"Institution Name": "Tours, Saint Martin",
		"Institution Type": "ecclesiastical",
		"Institution Description": "Collegiate church in Tours",
		"Input data": "SMB",
		"Date entered": "2024-9-20"
	},
	{
		"Institution ID (INS)": "INS:Notre_Dame",
		"Institution Name": "Paris, Notre Dame",
		"Institution Type": "ecclesiastical",
		"Institution Description": "Paris church",
		"Input data": "SMB",
		"Date entered": "2024-9-22"
	},
	{
		"Institution ID (INS)": "INS:Chapel_Charles_V",
		"Institution Name": "Chapel of Charles V",
		"Alias": "Habsburg-Burgundian court chapel",
		"Institution Type": "political",
		"Institution Description": "Chapel of Charles V (1500–1558), King of Spain, Holy Roman Emperor and Duke of Burgundy",
		"Input data": "AN",
		"Date entered": "2024-10-31"
	},
	{
		"Institution ID (INS)": "INS:Our_Lady_Bruges",
		"Institution Name": "Church of Our Lady, Bruges",
		"Institution Type": "ecclesiastical",
		"Institution Description": "Church in Bruges",
		"Input data": "SMB",
		"Date entered": "2024-11-29"
	},
	{
		"Institution ID (INS)": "INS:Chapel_Duke_Arcos",
		"Institution Name": "Chapel of the Duke of Arcos",
		"Institution Type": "political",
		"Input data": "AN",
		"Date entered": "2025-01-19"
	},
	{
		"Institution ID (INS)": "INS:Chapel_Juana_I",
		"Institution Name": "Chapel of Juana I",
		"Institution Type": "political",
		"Input data": "AN",
		"Date entered": "2025-01-31"
	},
	{
		"Institution ID (INS)": "INS:Chapel_Charles_the_Bold",
		"Institution Name": "Chapel of Charles the Bold",
		"Alias": "Burgundian court chapel",
		"Institution Type": "political",
		"Institution Description": "Chapel of Charles the Bold, Duke of Burgundy 1467-1477",
		"Input data": "LO",
		"Date entered": "2025-2-9"
	},
	{
		"Institution ID (INS)": "INS:Sainte-Chapelle",
		"Institution Name": "Paris, Sainte-Chapelle",
		"Institution Type": "ecclesiastical",
		"Institution Description": "Parisian church around the corner from Notre Dame",
		"Input data": "SMB",
		"Date entered": "2025-3-15"
	},
	{
		"Institution ID (INS)": "INS:Saint_Martin_Courtrai",
		"Institution Name": "Courtrai, Church of St. Martin",
		"Institution Type": "ecclesiastical",
		"Input data": "EZ",
		"Date entered": "2025-3-17"
	},
	{
		"Institution ID (INS)": "INS:Court_Cleves",
		"Institution Name": "Ducal Court of Cleves",
		"Institution Type": "political",
		"Input data": "EZ",
		"Date entered": "2025-5-19"
	},
	{
		"Institution ID (INS)": "INS:St_Hyppolytus_Delft",
		"Institution Name": "Church of St. Hippolytus",
		"Institution Type": "ecclesiastical",
		"Input data": "EZ",
		"Date entered": "2025-5-19"
	},
	{
		"Institution ID (INS)": "INS:Chapel_Galeazzo_Maria_Sforza",
		"Institution Name": "Chapel of Galeazzo Maria Sforza",
		"Institution Type": "political",
		"Institution Description": "Court Chapel of Galeazzo Maria Sforza",
		"Input data": "SC",
		"Date entered": "2025-06-17"
	},
	{
		"Institution ID (INS)": "INS:St_Pierre",
		"Institution Name": "Collegiate Church of Saint-Pierre (Vieux Lille, Lille), Hauts-de-France",
		"Institution Type": "ecclesiastical",
		"Institution Description": "Saint-Pierre Collegiate Catholic Church",
		"Input data": "SC",
		"Date entered": "2025-06-17"
	},
	{
		"Institution ID (INS)": "INS:Church_Quentin",
		"Institution Name": "Collegiate Church of St. Quentin",
		"Institution Type": "ecclesiastical",
		"Institution Description": "Collegiate Church of St. Quentin",
		"Input data": "SC",
		"Date entered": "2025-06-17"
	},
	{
		"Institution ID (INS)": "INS:Florence_Baptistery",
		"Institution Name": "Florence Baptistery",
		"Institution Type": "ecclesiastical",
		"Input data": "SC",
		"Date entered": "2025-06-17"
	},
	{
		"Institution ID (INS)": "INS:Chapel_Charles_VIII",
		"Institution Name": "Chapel of Charles VIII",
		"Alias": "Chapel Royal of Charles VIII",
		"Institution Type": "political",
		"Input data": "SC",
		"Date entered": "2025-06-20"
	},
	{
		"Institution ID (INS)": "INS:Florence_Cathedral",
		"Institution Name": "Florence Cathedral",
		"Alias": "Florence Cathedral",
		"Institution Type": "ecclesiastical",
		"Input data": "SC",
		"Date entered": "2025-06-20"
	},
	{
		"Institution ID (INS)": "INS:Siena_Cathedral",
		"Institution Name": "Siena Cathedral",
		"Alias": "Siena Cathedral",
		"Institution Type": "ecclesiastical",
		"Input data": "SC",
		"Date entered": "2025-06-20"
	}
]